Coverage Percentage VRBA,Coverage Percentage VORI RSAM,Coverage Percentage VORI DSAR,is_cascading_material_failure VRBA,is_possible_seal_failure VRBA,inv_rsam_quality_acceleration VRBA,is_pressurizing VRBA,slope_ratio VRBA,num_state_changes_inv_rsam VRBA,num_state_changes_log_dsar VRBA,is_hydrothermal_seal VRBA,falling_rsam_acceleration VRBA,falling_rsam_slope VRBA,falling_rsam_mean_derivative VRBA,falling_rsam_mean_abs_derivative VRBA,quiescence_rsam_duration VRBA,is_cascading_material_failure VORI,is_possible_seal_failure VORI,inv_rsam_quality_acceleration VORI,is_pressurizing VORI,slope_ratio VORI,num_state_changes_inv_rsam VORI,num_state_changes_log_dsar VORI,is_hydrothermal_seal VORI,falling_rsam_acceleration VORI,falling_rsam_slope VORI,falling_rsam_mean_derivative VORI,falling_rsam_mean_abs_derivative VORI,quiescence_rsam_duration VORI,quiescence_rsam_drop_ratio VORI,quiescence_rsam_drop_ratio VRBA
88.10572687224669,76.93021099003015,76.93021099003015,0,0,0,1,36.86440785339693,4,3,0,0.0,0.0,0.0,0.0,0.0,0,0,0,0,-4364.615339784717,4,2,0,0.0,0.0,0.0,0.0,0.0,,
98.9566427080918,99.95362856480408,99.95362856480408,0,0,0,0,-24.83216250928031,5,6,0,0.0,0.0,0.0,0.0,0.0,0,0,0,0,-192.4933448296969,3,6,0,0.0,0.0,0.0,0.0,0.0,,
98.88708555529794,99.95362856480408,99.95362856480408,0,0,0,0,432.8156192672487,4,4,0,0.0,0.0,0.0,0.0,0.0,0,0,0,0,-2.9683895693645916,3,5,0,0.0,0.0,0.0,0.0,0.0,,
76.9533967076281,99.95362856480408,99.95362856480408,0,0,0,0,130.91404621011037,4,4,0,0.0,0.0,0.0,0.0,0.0,0,0,0,0,372.7535955067213,5,7,0,0.0,0.0,0.0,0.0,0.0,,
86.92325527475076,99.95362856480408,99.95362856480408,0,0,0,0,-2.6670630414813137,5,4,0,0.0,0.0,0.0,0.0,0.0,0,0,0,0,-21.21689827025837,2,3,0,0.0,0.0,0.0,0.0,0.0,,
31.76443310920473,99.95362856480408,99.95362856480408,0,0,0,0,4578.187082708299,2,3,0,0.0,0.0,0.0,0.0,0.0,0,1,0,1,-734.4979694370913,4,4,0,0.0,0.0,0.0,0.0,0.0,,
54.973336424762344,93.0442847206121,99.95362856480408,0,0,0,0,-39.76191608563873,3,5,0,0.0,0.0,0.0,0.0,0.0,0,0,0,1,-18.557684960750382,5,5,1,1.4433884313761512e-05,-3.985273143829256,-0.0011971207259495898,0.0018922976897173308,20.433333333333334,0.6750582836872037,
38.88244841177834,99.95362856480408,99.95362856480408,0,0,0,0,-175.23161405397806,2,2,0,0.0,0.0,0.0,0.0,0.0,0,0,0,0,-126.38478387513233,4,4,0,0.0,0.0,0.0,0.0,0.0,,
0.0,29.23718989102713,33.7352191050313,0,0,0,0,0.0,0,0,0,0.0,0.0,0.0,0.0,0.0,0,0,0,1,6.05123761429425,1,3,0,0.0,0.0,0.0,0.0,0.0,,
65.1750521678646,99.95362856480408,99.95362856480408,0,0,0,1,50.16393112499332,3,4,0,0.0,0.0,0.0,0.0,0.0,0,0,0,0,-15.863225905537586,3,5,0,0.0,0.0,0.0,0.0,0.0,,
87.8738696962671,98.35381405054487,99.95362856480408,0,0,0,1,57.0812047540532,3,7,1,4.795583193598552e-06,-2.0755394120575943,-0.0005484347008116982,0.0006390233547146234,21.666666666666668,0,1,0,1,27.214598767760165,2,3,1,2.096014427537634e-05,-12.915574889868335,-0.003351814729758667,0.0036250832756354943,21.933333333333334,0.8032103093602718,0.7175608647951702
82.54115464873638,99.90725712960817,99.95362856480408,0,0,0,1,131.30718514739127,4,6,0,0.0,0.0,0.0,0.0,0.0,0,1,0,1,76.9991379867822,4,5,1,1.3010319648286617e-05,-6.00028229713423,-0.001409277598985308,0.0016935053748588524,29.016666666666666,0.5653064617321361,
99.95362856480408,99.95362856480408,99.95362856480408,0,0,0,1,181.16680431863313,6,6,0,0.0,0.0,0.0,0.0,0.0,0,0,0,0,-1.9964605309323662,4,5,0,0.0,0.0,0.0,0.0,0.0,,
99.95362856480408,99.86088569441223,99.95362856480408,0,0,0,0,-445.8892991215712,4,2,0,0.0,0.0,0.0,0.0,0.0,0,0,0,0,-13.773433950872718,5,6,0,0.0,0.0,0.0,0.0,0.0,,
99.81451425921632,99.90725712960817,99.95362856480408,0,0,0,0,69.98843764976938,4,3,0,0.0,0.0,0.0,0.0,0.0,0,0,0,1,-54.15980070500922,3,4,0,0.0,0.0,0.0,0.0,0.0,,
99.95362856480408,99.7681428240204,99.95362856480408,0,0,0,0,-5.049459805545546,3,6,0,0.0,0.0,0.0,0.0,0.0,0,0,0,0,-254.5454519653555,5,3,1,9.93091169768975e-06,-5.197180309042845,-0.001561581848850488,0.0016349096863855104,16.833333333333332,0.5341000202782784,
99.95362856480408,99.90725712960817,99.95362856480408,0,0,0,0,-318.26896702970123,9,6,0,0.0,0.0,0.0,0.0,0.0,0,0,0,0,-133.570075630416,4,5,0,0.0,0.0,0.0,0.0,0.0,,
99.95362856480408,79.57338279619755,99.95362856480408,0,0,0,1,19.578069335007097,5,6,0,0.0,0.0,0.0,0.0,0.0,0,0,0,0,2815.0898573610825,5,6,0,0.0,0.0,0.0,0.0,0.0,,
40.06492000927429,72.0148388592627,72.10758172965454,0,0,0,0,191.50784879642674,2,2,0,0.0,0.0,0.0,0.0,0.0,0,0,0,1,1121.6827343807015,4,4,0,0.0,0.0,0.0,0.0,0.0,,
99.6522142360306,93.94852770693252,99.95362856480408,0,0,0,0,261.320658940495,3,4,0,0.0,0.0,0.0,0.0,0.0,0,0,0,1,169.60251604881842,5,7,0,0.0,0.0,0.0,0.0,0.0,,
98.28425689775099,99.95362856480408,99.95362856480408,0,0,0,1,-910.7834320131824,4,7,0,0.0,0.0,0.0,0.0,0.0,0,0,0,0,-1302.2526090442032,5,4,0,0.0,0.0,0.0,0.0,0.0,,
96.54532807790402,99.95362856480408,99.95362856480408,0,0,0,0,-53.27871204558693,2,4,0,0.0,0.0,0.0,0.0,0.0,0,0,0,0,-174.9015086309844,5,5,0,0.0,0.0,0.0,0.0,0.0,,
56.665893809413404,99.8840714120102,99.95362856480408,0,0,0,0,194.47611407760687,2,5,0,0.0,0.0,0.0,0.0,0.0,0,0,0,1,738.3345714557851,5,2,0,0.0,0.0,0.0,0.0,0.0,,
68.21238117319731,63.96939485277069,99.95362856480408,0,0,0,0,-483.252892952606,6,3,0,0.0,0.0,0.0,0.0,0.0,0,0,0,0,-63.34535422627655,2,4,0,0.0,0.0,0.0,0.0,0.0,,
96.17435659633665,99.7681428240204,99.95362856480408,0,0,0,1,-109.21566729920546,6,3,0,0.0,0.0,0.0,0.0,0.0,0,0,0,1,-509.55393085889636,3,3,1,1.674291083830174e-05,-11.92903858938425,-0.002700764590382839,0.0027634322583974407,8.95,0.520387370825209,
99.16531416647345,99.23487131926733,99.95362856480408,0,0,0,0,192.5893340428991,5,3,0,0.0,0.0,0.0,0.0,0.0,0,0,0,1,156.20682464940265,3,5,0,0.0,0.0,0.0,0.0,0.0,,
93.11384187340597,99.8840714120102,99.95362856480408,0,0,0,0,-8.390622917401014,2,6,0,0.0,0.0,0.0,0.0,0.0,0,0,0,0,109.8953161207778,4,5,0,0.0,0.0,0.0,0.0,0.0,,
99.95362856480408,99.83769997681429,99.95362856480408,0,0,0,0,-11.69312165935639,5,6,0,0.0,0.0,0.0,0.0,0.0,0,0,0,1,71.34537781061658,7,3,0,0.0,0.0,0.0,0.0,0.0,,
99.62902851843265,77.11569673081382,99.95362856480408,0,0,0,0,578.0836573970747,4,2,0,0.0,0.0,0.0,0.0,0.0,0,0,0,0,485.7243553104419,4,5,0,0.0,0.0,0.0,0.0,0.0,,
83.7931833990262,99.8840714120102,99.95362856480408,0,0,0,0,12.118241852546673,2,2,0,0.0,0.0,0.0,0.0,0.0,0,0,0,0,32.70191322611663,5,5,0,0.0,0.0,0.0,0.0,0.0,,
83.81636911662416,99.8840714120102,99.95362856480408,0,0,0,0,-335.5403848143095,3,6,0,0.0,0.0,0.0,0.0,0.0,0,0,0,0,16.868071300113222,4,4,0,0.0,0.0,0.0,0.0,0.0,,
25.11013215859031,84.21052631578947,99.95362856480408,0,0,0,0,1.106933702817645,2,1,0,0.0,0.0,0.0,0.0,0.0,0,0,0,0,-27.98779597927932,4,5,0,0.0,0.0,0.0,0.0,0.0,,
99.93044284720612,99.8840714120102,99.95362856480408,0,0,0,1,14.995301635967499,5,7,0,0.0,0.0,0.0,0.0,0.0,0,0,0,1,56.69280284003451,5,5,0,0.0,0.0,0.0,0.0,0.0,,
99.95362856480408,99.8840714120102,99.95362856480408,0,0,0,0,11953.125567695402,4,3,0,0.0,0.0,0.0,0.0,0.0,0,0,0,0,549.2873728812185,4,4,1,1.2453238623995183e-05,-7.46709839948954,-0.0016876358584972115,0.0018000768759001246,29.316666666666666,0.5399895028853513,
99.95362856480408,99.8840714120102,99.95362856480408,0,0,0,0,104.45635742709173,6,5,0,0.0,0.0,0.0,0.0,0.0,0,0,0,1,2960.608647367778,3,4,0,0.0,0.0,0.0,0.0,0.0,,
99.95362856480408,80.26895432413633,99.95362856480408,0,0,0,1,45.45086527502438,5,4,0,0.0,0.0,0.0,0.0,0.0,0,0,0,0,581.9752264861943,3,2,0,0.0,0.0,0.0,0.0,0.0,,
100.02318571759797,99.95362856480408,99.95362856480408,0,0,0,1,2441.9148716605223,3,4,0,0.0,0.0,0.0,0.0,0.0,0,0,0,0,487.4719657344705,3,4,0,0.0,0.0,0.0,0.0,0.0,,
90.21562717366103,99.83769997681429,99.95362856480408,0,0,0,0,0.3167133427281344,6,4,0,0.0,0.0,0.0,0.0,0.0,0,0,0,0,-30.405839389109918,4,5,1,2.34572825560343e-05,-17.838117276567957,-0.004048265047235755,0.004084071481109248,7.333333333333333,0.6218814313908273,
100.02318571759797,99.95362856480408,99.95362856480408,0,0,0,1,107.04493349691404,6,3,0,0.0,0.0,0.0,0.0,0.0,0,0,0,0,82.38721292753692,2,4,0,0.0,0.0,0.0,0.0,0.0,,
65.22142360306052,92.37189891027128,99.95362856480408,0,0,0,1,26.85424073819796,3,5,0,0.0,0.0,0.0,0.0,0.0,0,0,0,0,66.43200906124629,4,3,0,0.0,0.0,0.0,0.0,0.0,,
0.0,68.86158126594019,68.86158126594019,0,0,0,0,0.0,0,0,0,0.0,0.0,0.0,0.0,0.0,0,0,0,0,29.345802619052936,1,3,0,0.0,0.0,0.0,0.0,0.0,,
0.0,55.87757941108278,55.87757941108278,0,0,0,0,0.0,0,0,0,0.0,0.0,0.0,0.0,0.0,0,0,0,0,-117.49809247863863,4,4,0,0.0,0.0,0.0,0.0,0.0,,
97.28727104103872,99.95362856480408,99.95362856480408,0,0,0,1,-12.612435285216696,4,5,0,0.0,0.0,0.0,0.0,0.0,0,0,0,0,237.0078270176105,4,3,0,0.0,0.0,0.0,0.0,0.0,,
74.35659633665662,94.04127057732437,99.95362856480408,0,0,0,0,87.55169169973516,5,3,0,0.0,0.0,0.0,0.0,0.0,0,0,0,1,-477.0478558018025,6,4,0,0.0,0.0,0.0,0.0,0.0,,
58.68305124043589,99.95362856480408,99.95362856480408,0,0,0,0,-34.21609363270394,4,1,0,0.0,0.0,0.0,0.0,0.0,0,0,0,0,1801.455600757668,3,4,0,0.0,0.0,0.0,0.0,0.0,,
63.48249478321354,99.83769997681429,99.95362856480408,0,0,0,0,-0.30243386389297555,3,6,0,0.0,0.0,0.0,0.0,0.0,0,1,0,1,30.225584831925442,6,6,0,0.0,0.0,0.0,0.0,0.0,,
100.02318571759797,96.29028518432645,99.95362856480408,0,0,0,0,21.780220240687008,3,7,0,0.0,0.0,0.0,0.0,0.0,0,0,0,0,1094.4800330579649,4,5,0,0.0,0.0,0.0,0.0,0.0,,
75.23765360537908,97.91328541618363,99.95362856480408,0,0,0,0,30.12621863713592,4,3,0,0.0,0.0,0.0,0.0,0.0,0,0,0,1,8.018397340611656,6,4,0,0.0,0.0,0.0,0.0,0.0,,
0.0,99.51309993044285,99.95362856480408,0,0,0,0,0.0,0,0,0,0.0,0.0,0.0,0.0,0.0,0,0,0,0,45.72312642655467,3,5,0,0.0,0.0,0.0,0.0,0.0,,
0.0,83.28309761187109,99.95362856480408,0,0,0,0,0.0,0,0,0,0.0,0.0,0.0,0.0,0.0,0,0,0,0,1.7883052069636716,4,6,0,0.0,0.0,0.0,0.0,0.0,,
56.99049385578484,99.95362856480408,99.95362856480408,0,0,0,1,192.9374911912539,3,4,0,0.0,0.0,0.0,0.0,0.0,0,0,0,0,-72.50945304239956,3,5,0,0.0,0.0,0.0,0.0,0.0,,
60.2828657546951,99.90725712960817,99.95362856480408,0,0,0,1,-18.412473972248296,3,4,0,0.0,0.0,0.0,0.0,0.0,0,0,0,0,10.201410696834852,4,5,0,0.0,0.0,0.0,0.0,0.0,,
61.25666589380941,66.58938094134014,66.58938094134014,0,0,0,1,8.131774130627111,5,5,0,0.0,0.0,0.0,0.0,0.0,0,0,0,0,220.1701307336442,7,2,0,0.0,0.0,0.0,0.0,0.0,,
62.485508926501275,99.95362856480408,99.95362856480408,0,0,0,0,-53.611426379898134,2,6,0,0.0,0.0,0.0,0.0,0.0,0,0,0,0,-1567.7505496626047,6,7,0,0.0,0.0,0.0,0.0,0.0,,
76.3273823324832,99.95362856480408,99.95362856480408,0,0,0,1,10.05077174155615,5,4,0,0.0,0.0,0.0,0.0,0.0,0,0,0,0,27.956152559331887,3,3,0,0.0,0.0,0.0,0.0,0.0,,
58.14977973568281,99.95362856480408,99.95362856480408,0,0,0,0,3.411325679760734,2,3,0,0.0,0.0,0.0,0.0,0.0,0,0,0,0,-7.694416340367758,6,3,0,0.0,0.0,0.0,0.0,0.0,,
32.529561789937404,99.95362856480408,99.95362856480408,0,0,0,1,-357.4586295283324,1,2,0,0.0,0.0,0.0,0.0,0.0,0,0,0,0,-74.17336413278217,5,6,0,0.0,0.0,0.0,0.0,0.0,,
27.405518200788315,99.95362856480408,99.95362856480408,0,0,0,0,-40.17598678544191,1,1,0,0.0,0.0,0.0,0.0,0.0,0,0,0,0,145.66683068873445,4,5,0,0.0,0.0,0.0,0.0,0.0,,
48.82912126130304,99.95362856480408,99.95362856480408,0,0,0,0,175.3847871131362,2,4,0,0.0,0.0,0.0,0.0,0.0,0,0,0,1,-965.7785488847139,6,4,0,0.0,0.0,0.0,0.0,0.0,,
38.99837699976814,99.95362856480408,99.95362856480408,0,0,0,0,28.24833220898735,2,4,0,0.0,0.0,0.0,0.0,0.0,0,0,0,0,6.415325752808851,3,4,0,0.0,0.0,0.0,0.0,0.0,,
54.393693484813355,99.95362856480408,99.95362856480408,0,0,0,0,-52.00590490350007,3,2,0,0.0,0.0,0.0,0.0,0.0,0,0,0,0,1246.7404167250324,4,4,0,0.0,0.0,0.0,0.0,0.0,,
60.46835149547879,99.95362856480408,99.95362856480408,0,0,0,0,-8.581152290708316,4,3,0,0.0,0.0,0.0,0.0,0.0,0,0,0,0,16334.6680729394,6,6,0,0.0,0.0,0.0,0.0,0.0,,
66.4966380709483,99.95362856480408,99.95362856480408,0,0,0,0,-65.78249514813581,5,5,0,0.0,0.0,0.0,0.0,0.0,0,0,0,0,-224.26720847869885,5,3,0,0.0,0.0,0.0,0.0,0.0,,
90.86482726640389,99.95362856480408,99.95362856480408,0,0,0,0,-135.32583357974386,4,5,0,0.0,0.0,0.0,0.0,0.0,0,0,0,0,1157.434965411424,4,7,0,0.0,0.0,0.0,0.0,0.0,,
57.68606538372363,99.95362856480408,99.95362856480408,0,0,0,0,-58.58448632991545,2,6,0,0.0,0.0,0.0,0.0,0.0,0,0,0,1,3485.8818590626997,3,4,0,0.0,0.0,0.0,0.0,0.0,,
59.40180848597264,99.95362856480408,99.95362856480408,0,0,0,0,34.84823215296575,3,5,0,0.0,0.0,0.0,0.0,0.0,0,0,0,1,-2308.4772428340143,5,4,0,0.0,0.0,0.0,0.0,0.0,,
70.71643867377695,99.95362856480408,99.95362856480408,0,0,0,0,-141.95667046172332,3,4,0,0.0,0.0,0.0,0.0,0.0,0,0,0,1,755.1657177544215,4,4,0,0.0,0.0,0.0,0.0,0.0,,
62.624623232089036,99.95362856480408,99.95362856480408,0,0,0,0,5.4399174747975385,4,3,0,0.0,0.0,0.0,0.0,0.0,0,0,0,1,-51.22504929700853,4,5,0,0.0,0.0,0.0,0.0,0.0,,
58.938094134013454,99.95362856480408,99.95362856480408,0,0,0,1,16.09806289447496,3,4,0,0.0,0.0,0.0,0.0,0.0,0,0,0,1,-39.10865268921346,4,3,1,8.453862772772298e-06,-6.260860860991413,-0.0014992447642582063,0.0015005339707030178,7.233333333333333,0.6619109855647975,
59.86552283793184,99.95362856480408,99.95362856480408,0,0,0,0,-1.185808070554528,2,1,0,0.0,0.0,0.0,0.0,0.0,0,0,0,0,-10.78114419525859,5,4,0,0.0,0.0,0.0,0.0,0.0,,
100.02318571759797,99.95362856480408,99.95362856480408,0,0,0,0,37.23402049873403,5,6,0,0.0,0.0,0.0,0.0,0.0,0,0,0,0,30.683575808388248,4,5,0,0.0,0.0,0.0,0.0,0.0,,
100.02318571759797,99.95362856480408,99.95362856480408,0,0,0,1,50.245245887623724,4,4,0,0.0,0.0,0.0,0.0,0.0,0,0,0,0,-96.0202117705498,5,4,1,1.5574428736374335e-05,-12.05636973994522,-0.0027145062395335486,0.0027649440737844144,30.25,0.5012266104187661,
55.92395084627869,99.95362856480408,99.95362856480408,0,0,0,1,-11.444478476670781,4,3,0,0.0,0.0,0.0,0.0,0.0,0,0,0,0,-21.347871114227992,4,4,0,0.0,0.0,0.0,0.0,0.0,,
41.571991653141666,99.95362856480408,99.95362856480408,0,0,0,0,71.59117903790622,2,4,0,0.0,0.0,0.0,0.0,0.0,0,0,0,0,-3603.7602973725516,3,4,0,0.0,0.0,0.0,0.0,0.0,,
47.71620681660097,99.95362856480408,99.95362856480408,0,0,0,0,-73.03863713281359,2,2,0,0.0,0.0,0.0,0.0,0.0,0,0,0,0,18.825622361444402,6,2,0,0.0,0.0,0.0,0.0,0.0,,
54.1386505912358,99.95362856480408,99.95362856480408,0,0,0,0,8.18196950012073,4,3,0,0.0,0.0,0.0,0.0,0.0,0,0,0,1,-20.978042099856825,3,5,0,0.0,0.0,0.0,0.0,0.0,,
100.02318571759797,99.95362856480408,99.95362856480408,0,0,0,0,-64.34807301317474,5,3,0,0.0,0.0,0.0,0.0,0.0,0,0,0,0,-125.96522891495985,5,2,0,0.0,0.0,0.0,0.0,0.0,,
99.97681428240203,99.95362856480408,99.95362856480408,0,0,0,0,-9.20711256576823,5,6,0,0.0,0.0,0.0,0.0,0.0,0,0,0,1,-31.285026887557503,4,4,0,0.0,0.0,0.0,0.0,0.0,,
100.02318571759797,88.10572687224669,99.95362856480408,0,0,0,1,-70.79792861946585,5,3,0,0.0,0.0,0.0,0.0,0.0,0,0,0,1,-272.7869477219474,5,6,0,0.0,0.0,0.0,0.0,0.0,,
100.02318571759797,99.95362856480408,99.95362856480408,0,0,0,0,66.06198669892997,5,5,0,0.0,0.0,0.0,0.0,0.0,0,0,0,0,330.2840327330099,4,3,0,0.0,0.0,0.0,0.0,0.0,,
57.129608161372595,99.95362856480408,99.95362856480408,0,0,0,0,34.35402543738166,3,5,0,0.0,0.0,0.0,0.0,0.0,0,0,0,1,-1219.8939320827142,6,5,0,0.0,0.0,0.0,0.0,0.0,,
63.87665198237885,80.33851147693021,99.95362856480408,0,0,0,0,-140.76508793347008,5,5,0,0.0,0.0,0.0,0.0,0.0,0,0,0,1,-450.9463739354011,5,4,0,0.0,0.0,0.0,0.0,0.0,,
67.49362392766056,99.21168560166937,99.95362856480408,0,0,0,1,57.146782887004925,5,6,0,0.0,0.0,0.0,0.0,0.0,1,0,0,1,-193.42061892836213,3,5,0,0.0,0.0,0.0,0.0,0.0,,
66.28796661256666,99.79132854161836,99.95362856480408,0,0,0,1,20.24295064462403,4,4,0,0.0,0.0,0.0,0.0,0.0,0,0,0,0,-11.276215541177116,4,5,0,0.0,0.0,0.0,0.0,0.0,,
92.9283561326223,99.6522142360306,99.95362856480408,0,0,0,0,238.9312698837212,3,4,0,0.0,0.0,0.0,0.0,0.0,0,0,0,0,-23.21282399247597,2,5,0,0.0,0.0,0.0,0.0,0.0,,
72.64085323440761,99.7681428240204,99.95362856480408,0,0,0,0,175.85873929384155,2,5,0,0.0,0.0,0.0,0.0,0.0,0,0,0,0,-417.48968486827994,4,4,0,0.0,0.0,0.0,0.0,0.0,,
67.67910966844424,99.79132854161836,99.95362856480408,0,0,0,1,-71.41338750100921,4,4,0,0.0,0.0,0.0,0.0,0.0,0,0,0,0,-257.01619927106566,4,5,0,0.0,0.0,0.0,0.0,0.0,,
65.47646649663807,99.81451425921632,99.95362856480408,0,0,0,0,2.3711497573903304,3,3,1,6.006177190817947e-06,-3.8941376041458553,-0.0011177871510979287,0.0011471873113999556,41.68333333333333,0,0,0,1,-35.79855016257147,3,7,1,5.587980435249962e-05,-46.39286109670954,-0.01170055082214067,0.011760868954633177,27.016666666666666,0.6707564787104896,0.6325024608667876
48.89867841409692,99.55947136563876,99.95362856480408,0,1,0,1,2091.0386279756312,3,4,0,0.0,0.0,0.0,0.0,0.0,0,0,0,1,2502.24196354845,2,3,0,0.0,0.0,0.0,0.0,0.0,,
0.0,99.11894273127754,99.95362856480408,0,0,0,0,0.0,0,0,0,0.0,0.0,0.0,0.0,0.0,0,0,0,1,-1057.9189799816938,4,3,0,0.0,0.0,0.0,0.0,0.0,,
62.85648040806863,97.98284256897752,99.95362856480408,0,0,0,0,27.79205905444468,4,5,0,0.0,0.0,0.0,0.0,0.0,0,0,0,0,-289.0898311984048,8,5,0,0.0,0.0,0.0,0.0,0.0,,
100.02318571759797,99.0261998608857,99.95362856480408,0,0,0,1,-387.16374368703833,6,6,0,0.0,0.0,0.0,0.0,0.0,0,0,0,0,421.59556020196425,4,4,0,0.0,0.0,0.0,0.0,0.0,,
87.47971249710179,99.95362856480408,99.95362856480408,0,0,0,0,-278.2391793368918,2,3,0,0.0,0.0,0.0,0.0,0.0,0,0,0,0,5879.186773986432,2,6,0,0.0,0.0,0.0,0.0,0.0,,
61.650823092974726,99.95362856480408,99.95362856480408,0,0,0,0,-107.97241912361412,3,3,0,0.0,0.0,0.0,0.0,0.0,0,0,0,0,-68.68635952012944,3,4,0,0.0,0.0,0.0,0.0,0.0,,
85.74078367725481,99.8840714120102,99.95362856480408,0,0,0,0,-114.1424912457186,5,3,0,0.0,0.0,0.0,0.0,0.0,0,0,0,0,-527.1064451970705,2,4,0,0.0,0.0,0.0,0.0,0.0,,
65.26779503825644,99.7217713888245,99.95362856480408,0,0,0,0,-32.2802222677561,2,4,1,8.228943443688046e-06,-2.93494548261279,-0.0015113154677615739,0.0015388814351135133,7.716666666666667,0,0,0,0,-6.263975880148655,3,7,1,7.846996683954028e-05,-52.23304087169169,-0.012456638097036959,0.013421194291694947,13.333333333333334,0.7703053690887336,0.6767882994172698
73.54509622072804,99.83769997681429,99.95362856480408,0,0,0,0,28.08545182360277,2,5,0,0.0,0.0,0.0,0.0,0.0,0,0,0,0,272.60082165470294,5,2,0,0.0,0.0,0.0,0.0,0.0,,
99.83769997681429,99.8840714120102,99.95362856480408,0,0,0,0,394.4287938328941,5,4,0,0.0,0.0,0.0,0.0,0.0,0,0,0,0,-570.4519093330288,3,4,0,0.0,0.0,0.0,0.0,0.0,,
94.92232784604684,21.261303037329004,45.07303501043357,0,0,0,1,535.6452296348068,4,6,0,0.0,0.0,0.0,0.0,0.0,0,0,0,1,-12199.623477173445,1,2,0,0.0,0.0,0.0,0.0,0.0,,
63.552051936007416,87.38696962670994,87.38696962670994,0,0,0,0,-34.211905505269904,4,6,1,1.0291880968300161e-05,-8.588004452544213,-0.0024532364599436918,0.0024762184624138274,15.45,0,0,0,0,-1782.0310745290237,4,4,0,0.0,0.0,0.0,0.0,0.0,0.5080819430457201,0.5080819430457201
81.68328309761186,87.89705541386506,87.89705541386506,0,0,0,0,1.3743021468366352,4,5,0,0.0,0.0,0.0,0.0,0.0,0,0,0,0,-1460.3840210195879,4,5,0,0.0,0.0,0.0,0.0,0.0,,
67.51680964525852,99.95362856480408,99.95362856480408,0,0,0,0,47.425764442022015,3,1,0,0.0,0.0,0.0,0.0,0.0,0,0,0,0,-2136.3592537777977,3,6,0,0.0,0.0,0.0,0.0,0.0,,
54.34732204961743,75.26083932297705,75.26083932297705,0,0,0,0,1.0857664573032335,4,3,0,0.0,0.0,0.0,0.0,0.0,0,0,0,0,-1784.5134109722899,3,4,0,0.0,0.0,0.0,0.0,0.0,,
57.407836772548116,40.64456294922328,40.64456294922328,0,0,0,1,-74.55364781431129,3,2,0,0.0,0.0,0.0,0.0,0.0,0,0,0,1,1152.2437252187606,3,2,0,0.0,0.0,0.0,0.0,0.0,,
78.94736842105263,0.0,0.0,0,0,0,1,13.404770122018384,3,5,0,0.0,0.0,0.0,0.0,0.0,0,0,0,1,13.404770122018384,3,5,0,0.0,0.0,0.0,0.0,0.0,,
82.65708323672618,0.0,0.0,0,0,0,1,-19.607236558919244,3,4,0,0.0,0.0,0.0,0.0,0.0,0,0,0,1,-19.607236558919244,3,4,0,0.0,0.0,0.0,0.0,0.0,,
66.3807094829585,0.0,0.0,0,0,0,0,218.59696726319814,3,5,0,0.0,0.0,0.0,0.0,0.0,0,0,0,0,218.59696726319814,3,5,0,0.0,0.0,0.0,0.0,0.0,,
58.8453512636216,0.0,0.0,0,0,0,0,39.775105615947695,3,5,0,0.0,0.0,0.0,0.0,0.0,0,0,0,0,39.775105615947695,3,5,0,0.0,0.0,0.0,0.0,0.0,,
45.490377927196846,0.0,0.0,0,0,0,0,7.092427165214146,1,1,0,0.0,0.0,0.0,0.0,0.0,0,0,0,0,7.092427165214146,1,1,0,0.0,0.0,0.0,0.0,0.0,,
60.02782286111755,0.0,0.0,0,0,0,0,16.08614234644486,3,2,0,0.0,0.0,0.0,0.0,0.0,0,0,0,0,16.08614234644486,3,2,0,0.0,0.0,0.0,0.0,0.0,,
54.648736378390915,79.78205425457918,79.78205425457918,0,0,0,1,-139.55307555653675,4,3,0,0.0,0.0,0.0,0.0,0.0,0,0,0,0,463.11036477199485,5,4,0,0.0,0.0,0.0,0.0,0.0,,
51.91282170183167,0.0,0.0,0,0,0,0,1586.140283632435,2,3,0,0.0,0.0,0.0,0.0,0.0,0,0,0,0,1586.140283632435,2,3,0,0.0,0.0,0.0,0.0,0.0,,
59.77277996753999,86.87688383955484,91.00394157199165,0,0,0,0,-104.53584758936292,2,2,0,0.0,0.0,0.0,0.0,0.0,0,0,0,0,-61.00924867914224,5,6,1,0.0001755285882609444,-117.57482272459362,-0.031135481246390994,0.031151537567149706,10.683333333333334,0.7704315799502043,
34.56990493855785,99.95362856480408,99.95362856480408,0,0,0,0,16.182565040070084,2,3,0,0.0,0.0,0.0,0.0,0.0,0,0,0,1,343.11907044354814,4,2,0,0.0,0.0,0.0,0.0,0.0,,
59.26269418038488,74.56526779503825,74.56526779503825,0,0,0,0,-456.5115114358719,3,4,0,0.0,0.0,0.0,0.0,0.0,0,0,0,0,-310.47844802524605,7,5,0,0.0,0.0,0.0,0.0,0.0,,
48.71319267331324,91.65314166473453,91.65314166473453,0,0,0,0,-71.6248699455498,3,3,0,0.0,0.0,0.0,0.0,0.0,0,0,0,0,-33.56195970922488,5,4,0,0.0,0.0,0.0,0.0,0.0,,
62.11453744493392,99.95362856480408,99.93044284720612,0,0,0,0,-12.89728561666622,2,2,0,0.0,0.0,0.0,0.0,0.0,0,0,0,1,32.72404532947774,3,3,0,0.0,0.0,0.0,0.0,0.0,,
53.46626478089497,91.16624159517737,91.16624159517737,0,0,0,0,12.243716059092192,3,2,0,0.0,0.0,0.0,0.0,0.0,0,0,0,0,-22.91543946782215,5,4,0,0.0,0.0,0.0,0.0,0.0,,
53.16485045212149,95.96568513795502,95.96568513795502,0,0,0,0,-90.74624449097921,3,3,0,0.0,0.0,0.0,0.0,0.0,0,0,0,1,111.29393044044012,3,4,1,2.82192226402799e-05,-7.704897045652761,-0.002524948426116089,0.0036048498394451746,5.983333333333333,0.535415374561323,
56.61952237421748,82.56434036633435,82.56434036633435,0,0,0,0,-5.287331866024326,3,4,0,0.0,0.0,0.0,0.0,0.0,0,0,0,0,-85.68312882827242,4,6,0,0.0,0.0,0.0,0.0,0.0,,
54.62555066079295,99.95362856480408,99.95362856480408,0,0,0,0,8.301757731605168,3,2,1,1.874073488743557e-05,-10.04740580533553,-0.003276501870136331,0.004053924457753209,34.8,0,0,0,1,3131.227505276976,5,6,1,0.0001289679896900924,-58.057093632548735,-0.015300288739743664,0.021199141947323842,45.28333333333333,0.8072994934848814,0.6109749363709157
69.1398098771157,99.95362856480408,99.95362856480408,0,0,0,1,359.68299668834726,2,5,0,0.0,0.0,0.0,0.0,0.0,0,0,0,0,-31.1123169528779,5,6,0,0.0,0.0,0.0,0.0,0.0,,
65.9169951309993,55.41386505912358,69.81219568745652,0,0,0,1,32.46068751787162,5,5,0,0.0,0.0,0.0,0.0,0.0,0,0,0,1,20.734745933045303,2,3,0,0.0,0.0,0.0,0.0,0.0,,
45.81497797356828,99.95362856480408,99.95362856480408,0,0,0,0,3.0317570987607847,1,3,0,0.0,0.0,0.0,0.0,0.0,0,0,0,0,-142.6126190516226,4,3,0,0.0,0.0,0.0,0.0,0.0,,
48.5045212149316,75.26083932297705,75.26083932297705,0,0,0,0,-82.91528387684369,3,4,0,0.0,0.0,0.0,0.0,0.0,0,0,0,0,99.27763003895781,3,3,0,0.0,0.0,0.0,0.0,0.0,,
48.921864131694875,76.62879666125667,99.93044284720612,0,0,0,1,78.84263286747053,2,3,0,0.0,0.0,0.0,0.0,0.0,0,0,0,1,72.67761684974377,5,6,0,0.0,0.0,0.0,0.0,0.0,,
54.67192209598887,86.73776953396708,86.73776953396708,0,0,0,1,-163.36368770408788,5,2,0,0.0,0.0,0.0,0.0,0.0,0,0,0,1,12.317474238092368,4,4,1,1.2451925559486326e-06,-0.7264710956410753,-0.00020904503918483855,0.00020904503918483855,8.516666666666667,0.6205370267677645,
0.0,99.95362856480408,99.93044284720612,0,0,0,0,0.0,0,0,0,0.0,0.0,0.0,0.0,0.0,0,0,0,1,392.0215819086104,4,4,0,0.0,0.0,0.0,0.0,0.0,,
45.88453512636216,99.95362856480408,99.95362856480408,0,0,0,1,22.206187220764235,2,2,0,0.0,0.0,0.0,0.0,0.0,0,0,0,0,-1099.6170882215238,4,5,0,0.0,0.0,0.0,0.0,0.0,,
