Coverage Percentage VRBA,Coverage Percentage VORI RSAM,Coverage Percentage VORI DSAR,is_cascading_material_failure VRBA,is_possible_seal_failure VRBA,inv_rsam_quality_acceleration VRBA,is_pressurizing VRBA,slope_ratio VRBA,num_state_changes_inv_rsam VRBA,num_state_changes_log_dsar VRBA,is_hydrothermal_seal VRBA,falling_rsam_acceleration VRBA,falling_rsam_slope VRBA,falling_rsam_mean_derivative VRBA,falling_rsam_mean_abs_derivative VRBA,quiescence_rsam_duration VRBA,is_cascading_material_failure VORI,is_possible_seal_failure VORI,inv_rsam_quality_acceleration VORI,is_pressurizing VORI,slope_ratio VORI,num_state_changes_inv_rsam VORI,num_state_changes_log_dsar VORI,is_hydrothermal_seal VORI,falling_rsam_acceleration VORI,falling_rsam_slope VORI,falling_rsam_mean_derivative VORI,falling_rsam_mean_abs_derivative VORI,quiescence_rsam_duration VORI
78.20542545791793,99.97681428240203,99.97681428240203,0,0,3,1,-72.97002305440415,4,2,0,0.0,0.0,0.0,0.0,0.0,0,0,0,0,-4772.791341216678,4,2,0,0.0,0.0,0.0,0.0,0.0
99.90725712960817,99.95362856480408,99.95362856480408,0,0,3,0,-3.779630736090986,7,6,0,0.0,0.0,0.0,0.0,0.0,0,0,0,0,1666.2860941567808,4,3,0,0.0,0.0,0.0,0.0,0.0
66.91398098771157,99.95362856480408,99.95362856480408,0,0,0,0,230.65489095831268,4,3,1,1.2821401638981413e-06,-0.6923190842606854,-0.00018334153647821234,0.00019265678880311802,19.066666666666666,0,0,0,0,-25.65087082753979,5,4,1,8.477841585654347e-06,-6.630422006586959,-0.0014497762216993735,0.001488354285882334,6.4
82.72664038952006,99.95362856480408,99.95362856480408,0,0,0,0,528.5440607985054,2,5,0,0.0,0.0,0.0,0.0,0.0,0,0,0,1,307.2490139791857,3,3,0,0.0,0.0,0.0,0.0,0.0
99.83769997681429,99.95362856480408,99.95362856480408,0,0,0,0,-338.7853787984732,5,5,0,0.0,0.0,0.0,0.0,0.0,0,0,0,0,-1269.143139378067,2,3,0,0.0,0.0,0.0,0.0,0.0
99.95362856480408,99.95362856480408,99.95362856480408,0,0,0,0,-15.026665050649699,3,5,0,0.0,0.0,0.0,0.0,0.0,0,0,0,0,-138.39064071599336,2,6,0,0.0,0.0,0.0,0.0,0.0
83.46858335265478,99.95362856480408,99.95362856480408,0,0,3,0,116.64854193193149,6,5,1,7.475560690294533e-07,-0.4372073668166881,-0.00010844184740100814,0.00012239460311210288,21.25,0,0,0,1,-775.8327784565877,3,3,0,0.0,0.0,0.0,0.0,0.0
99.90725712960817,99.95362856480408,99.95362856480408,0,0,0,0,-203.07583216764704,3,3,0,0.0,0.0,0.0,0.0,0.0,0,0,0,1,36.30773825151199,3,3,0,0.0,0.0,0.0,0.0,0.0
98.63204266172038,99.95362856480408,99.95362856480408,0,0,0,0,-166.8002837134918,3,6,1,7.404279945201407e-07,-0.3371545418454672,-9.263109553505858e-05,0.00010537948591699668,23.85,0,0,0,0,-151.29430914565302,6,6,0,0.0,0.0,0.0,0.0,0.0
69.46440992348714,99.95362856480408,99.95362856480408,0,0,0,0,245.64278701789107,3,4,1,5.09275962582905e-07,-0.18021716819392702,-4.616979396596182e-05,6.759278305453613e-05,27.166666666666668,0,0,0,0,-29.931940073775454,2,2,0,0.0,0.0,0.0,0.0,0.0
99.95362856480408,99.95362856480408,99.95362856480408,0,0,0,1,81.91244271674519,3,4,0,0.0,0.0,0.0,0.0,0.0,0,0,0,0,-19.84804838759268,2,5,0,0.0,0.0,0.0,0.0,0.0
95.71064224437747,99.95362856480408,99.95362856480408,0,0,0,0,1276.095375890112,4,5,0,0.0,0.0,0.0,0.0,0.0,0,0,0,0,-21.46042926300408,3,5,0,0.0,0.0,0.0,0.0,0.0
61.25666589380941,99.95362856480408,99.95362856480408,0,0,0,0,215.79509879188802,3,3,0,0.0,0.0,0.0,0.0,0.0,0,0,2,0,24.752577708863686,5,4,0,0.0,0.0,0.0,0.0,0.0
32.436818919545566,99.95362856480408,99.95362856480408,0,0,0,1,53.67232706567961,1,1,0,0.0,0.0,0.0,0.0,0.0,0,0,0,0,155.13883210503784,5,6,0,0.0,0.0,0.0,0.0,0.0
99.30442847206122,99.0261998608857,99.95362856480408,0,0,0,1,42.760558803968365,5,8,1,7.333135904777467e-07,-0.35073258199499285,-0.00010206644508144037,0.00011567386511962928,17.433333333333334,0,0,0,1,39.71716988955408,3,5,0,0.0,0.0,0.0,0.0,0.0
96.68444238349177,99.95362856480408,99.95362856480408,0,0,0,0,-12.887189203419103,4,4,1,2.0143574510349846e-06,-1.138318117118455,-0.00029800113680911893,0.00030289920672585104,11.1,0,0,0,0,49.632874340827335,5,3,0,0.0,0.0,0.0,0.0,0.0
99.95362856480408,99.32761418965917,99.95362856480408,0,0,0,1,-214.16321841266625,3,2,0,0.0,0.0,0.0,0.0,0.0,0,0,0,1,791.1845731140851,3,4,0,0.0,0.0,0.0,0.0,0.0
99.95362856480408,99.95362856480408,99.95362856480408,0,0,0,0,7.278028772111372,4,4,1,1.7379294880577523e-06,-1.0886657881117747,-0.000262247417275939,0.0002673861560536434,26.0,0,0,0,1,-462.1699008573594,6,5,0,0.0,0.0,0.0,0.0,0.0
99.95362856480408,99.95362856480408,99.95362856480408,0,0,0,1,24.754118958220648,4,4,0,0.0,0.0,0.0,0.0,0.0,1,0,3,1,-255.8536314274499,6,4,0,0.0,0.0,0.0,0.0,0.0
99.95362856480408,99.95362856480408,99.95362856480408,0,0,0,1,21.914336011004604,5,5,0,0.0,0.0,0.0,0.0,0.0,0,0,3,0,7.965462976882009,3,6,0,0.0,0.0,0.0,0.0,0.0
99.95362856480408,88.70855552979364,99.95362856480408,0,0,0,0,-0.5165987283261808,4,5,0,0.0,0.0,0.0,0.0,0.0,0,0,0,0,-39.933512713908186,2,6,0,0.0,0.0,0.0,0.0,0.0
99.95362856480408,99.95362856480408,99.95362856480408,0,0,0,1,-253.12547506813408,6,7,0,0.0,0.0,0.0,0.0,0.0,0,0,0,1,533.1631245878536,4,4,1,3.4822458536253963e-06,-1.7806224438918274,-0.0005398409614814866,0.0005573454632581928,9.65
99.95362856480408,99.95362856480408,99.95362856480408,0,0,0,1,25.94636843605482,5,5,0,0.0,0.0,0.0,0.0,0.0,0,0,0,0,-15.833429960680192,6,2,0,0.0,0.0,0.0,0.0,0.0
99.95362856480408,99.95362856480408,99.95362856480408,0,0,0,1,24.516541708695375,4,5,0,0.0,0.0,0.0,0.0,0.0,0,0,0,0,-895.5888988276758,5,5,0,0.0,0.0,0.0,0.0,0.0
99.95362856480408,99.95362856480408,99.95362856480408,0,0,0,1,98.28348447314535,2,4,0,0.0,0.0,0.0,0.0,0.0,0,0,0,0,379.6810554486327,4,4,0,0.0,0.0,0.0,0.0,0.0
99.95362856480408,99.95362856480408,99.95362856480408,0,0,0,0,-9.383029908683353,5,6,0,0.0,0.0,0.0,0.0,0.0,0,0,0,0,-4.766512689873722,3,2,0,0.0,0.0,0.0,0.0,0.0
99.93044284720612,99.95362856480408,99.95362856480408,0,0,0,1,-216.8172018653026,6,5,0,0.0,0.0,0.0,0.0,0.0,0,0,3,0,35.384490566371866,7,3,0,0.0,0.0,0.0,0.0,0.0
99.62902851843265,99.95362856480408,99.95362856480408,0,0,0,0,4.837063828243447,5,6,1,7.279111077757813e-07,-0.16662961367634313,-4.3025931290072134e-05,0.00010060648728292414,10.583333333333334,0,0,0,0,523.2458586487629,3,5,0,0.0,0.0,0.0,0.0,0.0
99.90725712960817,99.95362856480408,99.95362856480408,0,0,0,0,-1.2374831671792894,4,5,0,0.0,0.0,0.0,0.0,0.0,0,0,0,0,-74.37057092367306,3,4,0,0.0,0.0,0.0,0.0,0.0
99.95362856480408,99.95362856480408,99.95362856480408,0,0,3,1,-108.233359620286,3,5,1,5.494467024743292e-07,-0.2304845615481385,-6.68089859671598e-05,7.435036703831132e-05,11.816666666666666,0,0,2,0,-44.78053208604336,4,4,0,0.0,0.0,0.0,0.0,0.0
99.95362856480408,99.93044284720612,99.95362856480408,0,0,0,0,-8.539293096440915,6,5,0,0.0,0.0,0.0,0.0,0.0,0,0,0,0,327.9130096289244,4,6,0,0.0,0.0,0.0,0.0,0.0
99.95362856480408,99.95362856480408,99.95362856480408,0,0,0,1,278.97691934127243,5,8,1,2.861911864087195e-07,-0.1056435339069222,-2.7748126873040007e-05,3.559439942665018e-05,39.266666666666666,0,0,3,1,-51.220636012953555,3,3,0,0.0,0.0,0.0,0.0,0.0
0.0,37.56086250869464,99.95362856480408,0,0,0,0,0.0,0,0,0,0.0,0.0,0.0,0.0,0.0,0,0,0,0,483.2910823015245,4,3,0,0.0,0.0,0.0,0.0,0.0
69.76582425226061,94.7136563876652,99.95362856480408,0,0,3,0,-48.792045472211065,4,5,1,5.457503979134215e-07,-0.09901175679208318,-4.824147293208425e-06,7.814010134679954e-05,10.8,0,0,2,1,-16.153581142901047,6,5,1,2.021410259885618e-06,-1.0109917683970127,-0.000250028476132059,0.000336870874295387,49.6
70.64688152098307,99.95362856480408,99.95362856480408,0,0,0,0,-51.86481999754977,7,5,1,6.780227149862807e-07,-0.14600693860414352,-4.314050629311977e-05,7.861739998014274e-05,17.616666666666667,0,0,0,0,-116.00885731703252,3,4,0,0.0,0.0,0.0,0.0,0.0
85.04521214931601,99.95362856480408,99.95362856480408,0,0,3,1,-29.09545582044765,7,4,0,0.0,0.0,0.0,0.0,0.0,0,0,0,1,81.03382978354949,3,3,0,0.0,0.0,0.0,0.0,0.0
99.95362856480408,99.95362856480408,99.95362856480408,0,0,0,1,133.10563854582983,6,5,1,2.5386012881397295e-07,-0.10551219207076054,-2.4717328441712203e-05,3.2875218461840956e-05,8.566666666666666,0,0,0,1,1583.4682032111048,2,5,0,0.0,0.0,0.0,0.0,0.0
97.26408532344077,99.95362856480408,99.95362856480408,0,0,0,1,237.31870302668887,4,6,1,2.850520494805867e-07,-0.192479482227508,-4.631933654970702e-05,4.925422073239762e-05,14.6,0,0,3,1,-129.59523371359322,3,3,0,0.0,0.0,0.0,0.0,0.0
97.77417111059587,93.60074194296314,99.95362856480408,0,0,0,1,42.795335370089255,4,7,0,0.0,0.0,0.0,0.0,0.0,0,0,0,0,-146.53385433069747,4,4,0,0.0,0.0,0.0,0.0,0.0
99.95362856480408,99.95362856480408,99.95362856480408,0,0,0,0,-20.636468380464276,3,3,0,0.0,0.0,0.0,0.0,0.0,0,0,2,0,315.7917397889031,6,5,0,0.0,0.0,0.0,0.0,0.0
99.95362856480408,99.95362856480408,99.95362856480408,0,0,0,1,102.6413795455562,7,4,0,0.0,0.0,0.0,0.0,0.0,0,0,0,0,-43.071448659458206,6,5,0,0.0,0.0,0.0,0.0,0.0
86.71458381636911,99.95362856480408,99.95362856480408,0,0,0,0,-394.14744628615983,2,5,1,3.203755547219992e-07,-0.08970870032572614,-3.12440697945476e-05,4.2930371225788306e-05,46.516666666666666,0,0,0,0,-2.1882848310425866,2,6,0,0.0,0.0,0.0,0.0,0.0
91.69951309993044,99.95362856480408,99.95362856480408,0,0,0,1,190.85717237989974,5,3,0,0.0,0.0,0.0,0.0,0.0,0,0,0,1,-98.12802076512308,4,5,0,0.0,0.0,0.0,0.0,0.0
99.95362856480408,99.95362856480408,99.95362856480408,0,0,0,1,-79.23577122983565,4,3,0,0.0,0.0,0.0,0.0,0.0,0,0,3,1,-79.29083608816755,4,7,0,0.0,0.0,0.0,0.0,0.0
99.95362856480408,99.95362856480408,99.95362856480408,0,0,0,0,-14.69171054286835,5,2,0,0.0,0.0,0.0,0.0,0.0,0,0,0,0,19.984576740911436,4,6,1,6.133103561796464e-06,-4.579167759119042,-0.0011393925403180097,0.001140860997764169,11.75
99.95362856480408,99.95362856480408,99.95362856480408,0,0,0,1,86.78671167224023,3,6,0,0.0,0.0,0.0,0.0,0.0,0,0,3,1,-6.6755564079250105,5,5,1,2.9882709264799717e-06,-1.8128530229980528,-0.00045658637969903993,0.00048215119385431547,20.75
99.95362856480408,99.69858567122652,99.95362856480408,0,0,3,0,14.909661603876824,7,4,0,0.0,0.0,0.0,0.0,0.0,1,0,2,1,-337.9173939589615,3,4,0,0.0,0.0,0.0,0.0,0.0
79.73568281938326,99.90725712960817,99.95362856480408,0,0,0,1,11.398472080664002,2,5,0,0.0,0.0,0.0,0.0,0.0,0,0,0,0,-63.73187682526914,3,5,0,0.0,0.0,0.0,0.0,0.0
99.83769997681429,99.86088569441223,99.95362856480408,0,0,0,0,-124.52896719623848,4,3,0,0.0,0.0,0.0,0.0,0.0,0,0,0,1,29.189551291903,4,3,0,0.0,0.0,0.0,0.0,0.0
99.90725712960817,56.80500811500116,99.95362856480408,0,0,0,0,-51.828836626169036,3,3,0,0.0,0.0,0.0,0.0,0.0,0,0,0,0,11.795087542703046,2,5,0,0.0,0.0,0.0,0.0,0.0
95.64108509158359,0.0,0.0,0,0,0,0,-8.03402547269221,2,5,0,0.0,0.0,0.0,0.0,0.0,0,0,0,0,-8.03402547269221,2,5,0,0.0,0.0,0.0,0.0,0.0
99.95362856480408,70.41502434500347,99.95362856480408,0,0,0,0,253.85977299288544,5,6,0,0.0,0.0,0.0,0.0,0.0,0,0,0,0,-25.467092023212388,3,5,0,0.0,0.0,0.0,0.0,0.0
99.95362856480408,99.8840714120102,99.95362856480408,0,0,1,0,76.3191321850707,6,6,0,0.0,0.0,0.0,0.0,0.0,0,0,3,1,-294.86392421804726,3,2,0,0.0,0.0,0.0,0.0,0.0
99.95362856480408,99.7217713888245,99.95362856480408,0,0,0,0,6.326150381674938,4,4,0,0.0,0.0,0.0,0.0,0.0,0,0,0,0,-1524.6926586899515,3,4,0,0.0,0.0,0.0,0.0,0.0
99.95362856480408,99.8840714120102,99.95362856480408,0,0,0,1,136.58379170267764,4,4,0,0.0,0.0,0.0,0.0,0.0,0,0,0,0,8961.600559195093,4,4,0,0.0,0.0,0.0,0.0,0.0
99.95362856480408,99.8840714120102,99.95362856480408,0,0,0,1,234.25499042214156,5,6,0,0.0,0.0,0.0,0.0,0.0,0,0,0,0,-477.3059104140745,7,4,0,0.0,0.0,0.0,0.0,0.0
99.95362856480408,99.14212844887548,99.95362856480408,1,0,3,1,-76.2110899876,4,5,0,0.0,0.0,0.0,0.0,0.0,0,0,3,0,282.441985582848,4,4,0,0.0,0.0,0.0,0.0,0.0
100.02318571759797,86.34361233480176,86.41316948759564,0,0,0,1,52.06052206279026,3,4,0,0.0,0.0,0.0,0.0,0.0,0,0,0,0,-979.7836698430887,3,4,0,0.0,0.0,0.0,0.0,0.0
100.02318571759797,99.8840714120102,99.95362856480408,1,0,3,1,-117.03883010888399,5,4,0,0.0,0.0,0.0,0.0,0.0,0,0,3,0,711.5891785259662,5,5,0,0.0,0.0,0.0,0.0,0.0
100.02318571759797,99.8840714120102,99.95362856480408,0,0,2,1,-78.26465258712001,3,6,0,0.0,0.0,0.0,0.0,0.0,0,0,3,0,-66.12268325302273,3,5,0,0.0,0.0,0.0,0.0,0.0
100.02318571759797,99.35079990725713,99.95362856480408,0,0,0,0,-1.188037785093154,7,4,0,0.0,0.0,0.0,0.0,0.0,0,0,0,1,284.57068669964525,4,4,0,0.0,0.0,0.0,0.0,0.0
94.1340134477162,99.8840714120102,99.95362856480408,0,0,0,0,-318.75477131938123,3,5,0,0.0,0.0,0.0,0.0,0.0,0,0,3,1,-1478.9858601142382,4,3,0,0.0,0.0,0.0,0.0,0.0
71.13378159054022,99.53628564804082,99.95362856480408,0,0,0,1,-2.6139935506061187,2,3,0,0.0,0.0,0.0,0.0,0.0,0,0,3,0,813.2154256251562,6,4,0,0.0,0.0,0.0,0.0,0.0
42.82402040343148,99.83769997681429,99.95362856480408,0,0,0,0,0.4427495824879444,2,2,0,0.0,0.0,0.0,0.0,0.0,0,0,0,1,-982.0767117362119,4,4,0,0.0,0.0,0.0,0.0,0.0
85.71759795965686,98.51611407373059,99.95362856480408,0,0,0,1,89.23555138814459,6,6,0,0.0,0.0,0.0,0.0,0.0,0,0,0,0,-1353.3616902028436,4,3,0,0.0,0.0,0.0,0.0,0.0
71.13378159054022,99.8840714120102,99.95362856480408,0,0,2,0,1050.8027320415008,3,4,0,0.0,0.0,0.0,0.0,0.0,0,0,0,1,1035.265602032184,3,4,0,0.0,0.0,0.0,0.0,0.0
62.09135172733596,64.7113378159054,99.95362856480408,0,0,3,1,-136.67918359185143,2,3,0,0.0,0.0,0.0,0.0,0.0,0,0,0,1,8540.89087290032,2,4,0,0.0,0.0,0.0,0.0,0.0
51.10132158590308,76.46649663807095,80.26895432413633,0,0,0,1,-141.2159578008426,2,3,0,0.0,0.0,0.0,0.0,0.0,0,0,0,1,2604.376351173501,5,3,0,0.0,0.0,0.0,0.0,0.0
19.360074194296313,84.23371203338743,86.41316948759564,0,0,0,0,1.0840644339380219,1,2,0,0.0,0.0,0.0,0.0,0.0,0,0,0,0,620.0462754884676,6,3,0,0.0,0.0,0.0,0.0,0.0
0.0,99.8840714120102,99.95362856480408,0,0,0,0,0.0,0,0,0,0.0,0.0,0.0,0.0,0.0,0,0,0,1,12265.789508074371,4,5,0,0.0,0.0,0.0,0.0,0.0
25.411546487363783,99.8840714120102,99.95362856480408,0,0,3,0,56.119032767002096,3,1,0,0.0,0.0,0.0,0.0,0.0,0,0,0,0,-2054.4802310776686,6,4,0,0.0,0.0,0.0,0.0,0.0
72.96545328077903,99.83769997681429,99.95362856480408,0,0,0,1,51.41981818387284,4,4,0,0.0,0.0,0.0,0.0,0.0,0,0,0,0,53.345393098142814,5,4,0,0.0,0.0,0.0,0.0,0.0
71.36563876651982,99.83769997681429,99.95362856480408,0,0,3,0,14.946700692570792,4,4,0,0.0,0.0,0.0,0.0,0.0,0,0,3,1,-593.582267281631,5,4,0,0.0,0.0,0.0,0.0,0.0
60.76976582425226,99.83769997681429,99.95362856480408,0,0,3,0,46.2055642051653,5,4,0,0.0,0.0,0.0,0.0,0.0,0,0,0,1,8291.51293480179,5,4,0,0.0,0.0,0.0,0.0,0.0
98.72478553211221,98.0523997217714,99.95362856480408,0,0,3,1,-43.86449808019279,5,4,0,0.0,0.0,0.0,0.0,0.0,0,0,0,0,2482.146218789542,5,5,0,0.0,0.0,0.0,0.0,0.0
100.02318571759797,99.8840714120102,99.95362856480408,0,0,0,1,37.73530641157524,2,5,0,0.0,0.0,0.0,0.0,0.0,0,0,0,1,337.1015514262265,4,3,0,0.0,0.0,0.0,0.0,0.0
100.02318571759797,99.81451425921632,99.95362856480408,0,0,3,0,-2.4503146000433276,6,5,0,0.0,0.0,0.0,0.0,0.0,0,0,3,1,-476.2971200801028,3,4,0,0.0,0.0,0.0,0.0,0.0
100.02318571759797,99.8840714120102,99.95362856480408,0,0,3,1,-46.49831238422074,6,5,0,0.0,0.0,0.0,0.0,0.0,0,0,3,1,-1101.0214262737627,4,3,0,0.0,0.0,0.0,0.0,0.0
100.02318571759797,76.16508230929747,99.95362856480408,0,0,0,1,76.08442897667852,5,3,0,0.0,0.0,0.0,0.0,0.0,0,0,3,1,-160.71893723030783,5,3,0,0.0,0.0,0.0,0.0,0.0
99.95362856480408,99.8840714120102,99.95362856480408,1,0,3,1,-108.23520613942227,5,4,0,0.0,0.0,0.0,0.0,0.0,0,0,3,1,-267.9996986065127,3,4,0,0.0,0.0,0.0,0.0,0.0
100.02318571759797,0.0,46.904706700672385,0,0,0,1,-1737.2507354571558,4,4,0,0.0,0.0,0.0,0.0,0.0,0,0,0,1,-1737.2507354571558,4,4,0,0.0,0.0,0.0,0.0,0.0
100.02318571759797,0.0,0.0,0,0,0,0,-114.8040663535628,4,4,0,0.0,0.0,0.0,0.0,0.0,0,0,0,0,-114.8040663535628,4,4,0,0.0,0.0,0.0,0.0,0.0
100.02318571759797,0.0,19.68467424066775,0,0,0,0,-1.945580514309035,2,5,0,0.0,0.0,0.0,0.0,0.0,0,0,0,0,-1.945580514309035,2,5,0,0.0,0.0,0.0,0.0,0.0
100.02318571759797,99.95362856480408,99.95362856480408,1,0,3,1,-41.7561539887137,5,4,0,0.0,0.0,0.0,0.0,0.0,0,0,3,1,-177.91817865069643,3,8,0,0.0,0.0,0.0,0.0,0.0
100.02318571759797,99.95362856480408,99.95362856480408,0,0,2,1,12.029718832548243,4,4,0,0.0,0.0,0.0,0.0,0.0,0,0,0,1,-6875.02720161093,4,7,0,0.0,0.0,0.0,0.0,0.0
41.8965916995131,98.53929979132855,99.95362856480408,0,0,0,0,-28.703202634227473,4,4,0,0.0,0.0,0.0,0.0,0.0,0,0,3,1,-142.3921494237883,3,2,0,0.0,0.0,0.0,0.0,0.0
99.55947136563876,99.83769997681429,99.95362856480408,0,0,0,1,63.17750017615014,5,5,0,0.0,0.0,0.0,0.0,0.0,0,0,0,1,3385.21181818453,3,6,0,0.0,0.0,0.0,0.0,0.0
100.02318571759797,99.95362856480408,99.95362856480408,0,0,0,1,-274.8958298160575,6,5,0,0.0,0.0,0.0,0.0,0.0,0,0,0,0,832.7983136898708,6,7,0,0.0,0.0,0.0,0.0,0.0
100.02318571759797,99.8840714120102,99.95362856480408,0,0,0,1,304.17392662152633,3,4,0,0.0,0.0,0.0,0.0,0.0,0,0,0,0,-240.26155372877287,3,6,0,0.0,0.0,0.0,0.0,0.0
100.02318571759797,99.90725712960817,99.95362856480408,0,0,3,1,-39.24123766434237,5,5,0,0.0,0.0,0.0,0.0,0.0,0,0,3,0,-27.851595025482965,4,4,0,0.0,0.0,0.0,0.0,0.0
95.73382796197542,99.95362856480408,99.95362856480408,0,0,0,1,212.96976188399626,3,7,0,0.0,0.0,0.0,0.0,0.0,0,0,0,1,-1087.820014765111,6,4,0,0.0,0.0,0.0,0.0,0.0
36.98121956874566,72.64085323440761,99.95362856480408,0,0,0,0,21.853611311323682,1,3,0,0.0,0.0,0.0,0.0,0.0,0,0,3,0,25.745832471157065,3,5,1,6.9971222472719325e-06,-4.2294769051777354,-0.00113024991445473,0.0011819129051278054,12.233333333333333
61.92905170415024,99.95362856480408,99.95362856480408,0,0,0,0,-31.662576943852507,5,6,0,0.0,0.0,0.0,0.0,0.0,0,0,0,0,20.149871225603555,6,5,1,2.2152293573361714e-06,-1.3961667963698363,-0.00029507445883069695,0.0003534561210843334,7.75
62.230466032923715,99.95362856480408,99.95362856480408,0,0,0,0,-114.5777473222633,6,2,0,0.0,0.0,0.0,0.0,0.0,0,0,0,0,-20.62735134406528,5,3,0,0.0,0.0,0.0,0.0,0.0
0.0,20.287502898214697,99.95362856480408,0,0,0,0,0.0,0,0,0,0.0,0.0,0.0,0.0,0.0,0,0,0,0,24.770915401100357,2,3,0,0.0,0.0,0.0,0.0,0.0
0.0,20.98307442615349,99.95362856480408,0,0,0,0,0.0,0,0,0,0.0,0.0,0.0,0.0,0.0,0,0,0,1,-523.9717822917885,1,7,0,0.0,0.0,0.0,0.0,0.0
64.17806631115232,99.95362856480408,99.95362856480408,0,0,0,0,-9.289639780722657,3,3,0,0.0,0.0,0.0,0.0,0.0,0,0,0,1,43.56239803832307,3,5,0,0.0,0.0,0.0,0.0,0.0
63.25063760723394,99.90725712960817,99.95362856480408,0,0,3,0,46.02503815372306,3,5,0,0.0,0.0,0.0,0.0,0.0,0,0,0,1,-216.70896579890945,3,4,1,1.972343059249379e-06,-0.7709450801550575,-0.00024791968347127034,0.00028479929088053116,6.683333333333334
70.20635288662184,99.86088569441223,99.95362856480408,0,0,3,1,-121.48463556305622,3,6,1,3.024931761775009e-07,-0.12971827058211804,-5.043317773406072e-05,5.227397603305006e-05,19.333333333333332,0,0,3,0,127.51396031506529,7,2,1,4.486233125938325e-06,-1.5993149105807252,-0.0004996893716239515,0.0005982454117162458,13.0
54.34732204961743,99.95362856480408,99.95362856480408,0,0,0,0,231.6669973660871,2,5,1,4.7089119599253457e-07,-0.04082103629771368,-2.5902832440893656e-06,7.965416428792608e-05,54.983333333333334,0,0,3,1,-2.013261593282219,5,5,0,0.0,0.0,0.0,0.0,0.0
35.07999072571296,99.90725712960817,99.95362856480408,0,0,0,0,396.8934333457788,3,4,0,0.0,0.0,0.0,0.0,0.0,0,0,2,1,-29.799818745335102,5,5,1,4.0181627233028536e-06,-0.5386436901907957,-0.00015831136418225538,0.00043358250276788593,12.983333333333333
70.11361001623,99.95362856480408,99.95362856480408,0,0,0,0,8.426300305093058,3,2,0,0.0,0.0,0.0,0.0,0.0,0,0,0,0,9.402028828842417,5,4,0,0.0,0.0,0.0,0.0,0.0
62.508694644099236,99.21168560166937,99.95362856480408,0,0,0,1,-380.1361359868316,5,4,0,0.0,0.0,0.0,0.0,0.0,1,0,3,1,-55.39404647944721,3,5,1,3.293286117277057e-06,-0.9318854903750705,-0.00024183695601375028,0.00044788490261253166,25.616666666666667
69.27892418270345,99.95362856480408,99.95362856480408,0,0,0,1,178.06633323935455,4,5,0,0.0,0.0,0.0,0.0,0.0,0,0,0,0,-16.496552899843696,4,7,0,0.0,0.0,0.0,0.0,0.0
59.378622768374676,31.81080454440065,38.62740551820079,0,0,0,0,119.42443240034378,4,3,0,0.0,0.0,0.0,0.0,0.0,0,0,0,0,-160.65106658041756,3,2,0,0.0,0.0,0.0,0.0,0.0
59.03083700440529,64.50266635752376,94.69047067006724,0,0,0,1,19.233133624436206,3,2,0,0.0,0.0,0.0,0.0,0.0,1,0,3,1,-254.87922006527177,3,3,0,0.0,0.0,0.0,0.0,0.0
59.193137027591,99.95362856480408,99.95362856480408,0,0,0,0,39.19722851393771,2,3,0,0.0,0.0,0.0,0.0,0.0,0,0,0,0,-3188.6936930838165,3,3,0,0.0,0.0,0.0,0.0,0.0
58.14977973568281,99.95362856480408,99.95362856480408,0,0,3,1,-43.02416518712915,2,5,0,0.0,0.0,0.0,0.0,0.0,0,0,3,1,-335.0185778521453,4,5,0,0.0,0.0,0.0,0.0,0.0
58.42800834685834,99.95362856480408,99.95362856480408,0,0,0,0,-36.56829168222226,1,4,0,0.0,0.0,0.0,0.0,0.0,0,0,0,0,-405.5205024487162,3,5,0,0.0,0.0,0.0,0.0,0.0
55.20519360074194,99.95362856480408,99.95362856480408,0,0,0,0,4620.70252969066,3,5,0,0.0,0.0,0.0,0.0,0.0,0,0,0,1,384.9917496186621,5,4,0,0.0,0.0,0.0,0.0,0.0
60.58428008346858,99.95362856480408,99.95362856480408,0,0,0,0,368.849227197971,3,4,0,0.0,0.0,0.0,0.0,0.0,0,0,0,0,-1007.2666199542906,4,4,0,0.0,0.0,0.0,0.0,0.0
63.181080454440064,99.95362856480408,99.95362856480408,0,0,0,1,190.09658496711697,3,6,0,0.0,0.0,0.0,0.0,0.0,0,0,0,1,3006.843836448003,6,4,0,0.0,0.0,0.0,0.0,0.0
73.01182471597497,99.95362856480408,99.95362856480408,0,0,0,1,153.7184023285095,5,7,1,3.6771038486776277e-07,-0.03047042829992098,-4.8558439902603685e-06,4.7183327035302605e-05,33.166666666666664,0,0,0,0,225.1456121074634,2,4,0,0.0,0.0,0.0,0.0,0.0
26.362160908880128,99.95362856480408,99.95362856480408,0,0,0,0,-20.383452979472754,2,2,0,0.0,0.0,0.0,0.0,0.0,0,0,2,0,24.14413621681389,4,7,1,1.7301843453777058e-06,-0.8612622511813042,-0.0002509161841177349,0.0002774288311561856,8.666666666666666
62.55506607929515,99.69858567122652,99.95362856480408,0,0,0,1,-988.6247184403821,3,3,0,0.0,0.0,0.0,0.0,0.0,0,0,0,0,-8676.390281938546,5,5,0,0.0,0.0,0.0,0.0,0.0
55.29793647113378,88.12891258984466,88.12891258984466,0,0,0,0,0.48615963980919336,1,4,0,0.0,0.0,0.0,0.0,0.0,0,0,3,1,-520.6003554240776,3,5,0,0.0,0.0,0.0,0.0,0.0
52.863436123348016,45.235335033619286,45.235335033619286,0,0,0,0,112.47869907953242,3,2,0,0.0,0.0,0.0,0.0,0.0,0,0,0,1,-885.7451293194237,3,3,0,0.0,0.0,0.0,0.0,0.0
65.49965221423602,86.62184094597728,86.62184094597728,0,0,0,0,-1.782245439346293,5,2,0,0.0,0.0,0.0,0.0,0.0,0,0,0,1,59.23609099817199,4,4,0,0.0,0.0,0.0,0.0,0.0
52.237421748203104,51.49547878506839,51.49547878506839,0,0,0,0,-82.48893770822256,3,3,0,0.0,0.0,0.0,0.0,0.0,0,0,0,0,-207.70853562830737,1,2,0,0.0,0.0,0.0,0.0,0.0
53.83723626246232,84.72061210294459,84.72061210294459,0,0,0,1,-244.09645345753873,3,3,0,0.0,0.0,0.0,0.0,0.0,0,0,0,0,5659.37401567715,3,2,0,0.0,0.0,0.0,0.0,0.0
53.02573614653373,96.7308138186877,96.7308138186877,0,0,0,1,147.812218369223,4,3,0,0.0,0.0,0.0,0.0,0.0,0,0,0,0,432.33029181408585,6,4,0,0.0,0.0,0.0,0.0,0.0
52.74750753535822,67.21539531648504,67.21539531648504,0,0,0,0,212.98674979341413,3,4,0,0.0,0.0,0.0,0.0,0.0,0,0,0,0,-65.1161950968015,5,6,0,0.0,0.0,0.0,0.0,0.0
54.95015070716439,88.29121261303038,88.29121261303038,0,0,0,1,290.0204457290703,2,2,0,0.0,0.0,0.0,0.0,0.0,0,0,0,0,-48.280512434826164,5,5,0,0.0,0.0,0.0,0.0,0.0
