Coverage Percentage VRBA,Coverage Percentage VORI RSAM,Coverage Percentage VORI DSAR,is_cascading_material_failure VRBA,is_possible_seal_failure VRBA,inv_rsam_quality_acceleration VRBA,is_pressurizing VRBA,slope_ratio VRBA,num_state_changes_inv_rsam VRBA,num_state_changes_log_dsar VRBA,is_hydrothermal_seal VRBA,falling_rsam_acceleration VRBA,falling_rsam_slope VRBA,falling_rsam_mean_derivative VRBA,falling_rsam_mean_abs_derivative VRBA,quiescence_rsam_duration VRBA,quiescence_rsam_drop_ratio VRBA,is_cascading_material_failure VORI,is_possible_seal_failure VORI,inv_rsam_quality_acceleration VORI,is_pressurizing VORI,slope_ratio VORI,num_state_changes_inv_rsam VORI,num_state_changes_log_dsar VORI,is_hydrothermal_seal VORI,falling_rsam_acceleration VORI,falling_rsam_slope VORI,falling_rsam_mean_derivative VORI,falling_rsam_mean_abs_derivative VORI,quiescence_rsam_duration VORI,quiescence_rsam_drop_ratio VORI
46.892812456554985,59.94717086055887,59.94717086055887,0,0,0,1,-72.97002305440415,4,2,0,0.0,0.0,0.0,0.0,0.0,0.0,0,0,0,0,-4772.791341216678,4,2,0,0.0,0.0,0.0,0.0,0.0,0.0
25.469206172667874,59.94717086055887,59.94717086055887,0,0,0,0,-1822.8347091856938,4,3,0,0.0,0.0,0.0,0.0,0.0,0.0,0,0,0,0,341.33920220928803,4,5,0,0.0,0.0,0.0,0.0,0.0,0.0
59.94717086055887,59.94717086055887,59.94717086055887,0,0,0,0,-1349.6789034864007,3,5,1,4.8037666125949094e-06,-2.062025306085212,-0.0006750294844738421,0.0007898606650919005,25.616666666666667,0.5711855285483922,0,0,0,0,21.35382997736251,3,5,0,0.0,0.0,0.0,0.0,0.0,0.0
53.96913666064229,59.93326845544279,59.93326845544279,0,0,0,0,-26.553320853630357,2,6,0,0.0,0.0,0.0,0.0,0.0,0.0,0,0,0,0,-16.18615042960401,4,3,0,0.0,0.0,0.0,0.0,0.0,0.0
16.071180314194354,59.93326845544279,59.93326845544279,0,0,0,0,450.63268719695037,1,3,0,0.0,0.0,0.0,0.0,0.0,0.0,0,0,0,0,25.495271561966504,3,4,0,0.0,0.0,0.0,0.0,0.0,0.0
59.86375642986237,59.93326845544279,59.93326845544279,0,0,0,0,141.8037025236558,5,3,0,0.0,0.0,0.0,0.0,0.0,0.0,0,0,0,0,-1.7685849746791664,5,5,0,0.0,0.0,0.0,0.0,0.0,0.0
59.93326845544279,59.93326845544279,59.93326845544279,0,0,0,0,-92.06822091964015,3,3,0,0.0,0.0,0.0,0.0,0.0,0.0,0,1,0,1,552.8177885286534,3,3,0,0.0,0.0,0.0,0.0,0.0,0.0
59.029612122897255,59.93326845544279,59.93326845544279,0,0,0,0,779.9184135086871,4,5,0,0.0,0.0,0.0,0.0,0.0,0.0,0,0,0,0,-75.88074528134905,3,3,0,0.0,0.0,0.0,0.0,0.0,0.0
56.2908383150285,59.93326845544279,59.93326845544279,0,0,0,0,-1898.469847047715,3,5,0,0.0,0.0,0.0,0.0,0.0,0.0,0,0,0,0,358.8704128681376,2,2,0,0.0,0.0,0.0,0.0,0.0,0.0
59.93326845544279,59.93326845544279,59.93326845544279,0,0,0,0,380.253684337712,2,4,0,0.0,0.0,0.0,0.0,0.0,0.0,0,0,0,0,-84.64414964972573,3,5,0,0.0,0.0,0.0,0.0,0.0,0.0
59.11302655359377,59.93326845544279,59.93326845544279,0,0,0,0,-154.79325897049463,6,6,0,0.0,0.0,0.0,0.0,0.0,0.0,0,0,0,0,-76.20217487838971,4,4,0,0.0,0.0,0.0,0.0,0.0,0.0
25.38579174197136,59.93326845544279,59.93326845544279,0,0,0,0,64.5236098240346,4,2,0,0.0,0.0,0.0,0.0,0.0,0.0,0,0,0,0,86.61351353715632,1,5,0,0.0,0.0,0.0,0.0,0.0,0.0
44.835256499374395,59.93326845544279,59.93326845544279,0,0,0,0,-232.92395633937457,5,5,0,0.0,0.0,0.0,0.0,0.0,0.0,0,0,0,0,-34.788148910276284,3,4,0,0.0,0.0,0.0,0.0,0.0,0.0
48.1857361323509,59.93326845544279,59.93326845544279,0,0,0,1,-119.78644806970746,6,7,0,0.0,0.0,0.0,0.0,0.0,0.0,0,0,0,0,-38.19535980876764,6,5,0,0.0,0.0,0.0,0.0,0.0,0.0
58.33449186709301,59.93326845544279,59.93326845544279,0,0,0,1,-98.24740064262511,2,8,0,0.0,0.0,0.0,0.0,0.0,0.0,0,0,0,1,412.75470646589747,3,5,0,0.0,0.0,0.0,0.0,0.0,0.0
45.3913527040178,59.93326845544279,59.93326845544279,0,0,0,0,-2460.6447488768604,6,7,0,0.0,0.0,0.0,0.0,0.0,0.0,0,0,0,0,-16.797506376934464,6,4,0,0.0,0.0,0.0,0.0,0.0,0.0
49.07549005978034,59.93326845544279,59.93326845544279,0,0,0,0,3.805685429924678,4,4,0,0.0,0.0,0.0,0.0,0.0,0.0,0,0,0,1,-415.86995893273314,3,3,0,0.0,0.0,0.0,0.0,0.0,0.0
53.37133324065063,59.93326845544279,59.93326845544279,0,0,0,0,-7.670721483298039,6,4,0,0.0,0.0,0.0,0.0,0.0,0.0,0,0,0,0,29.58688241680763,4,4,0,0.0,0.0,0.0,0.0,0.0,0.0
58.57083275406645,59.93326845544279,59.93326845544279,0,0,0,1,38.137453628541685,3,5,0,0.0,0.0,0.0,0.0,0.0,0.0,0,0,0,0,-53.655474349237096,3,5,0,0.0,0.0,0.0,0.0,0.0,0.0
55.41498679271514,59.93326845544279,59.93326845544279,0,0,0,1,43.31112052321801,5,3,0,0.0,0.0,0.0,0.0,0.0,0.0,0,0,0,0,-153.88466956370172,5,5,0,0.0,0.0,0.0,0.0,0.0,0.0
58.223272626164324,59.37717225079939,59.93326845544279,0,0,0,1,17.608780676472175,5,7,0,0.0,0.0,0.0,0.0,0.0,0.0,0,0,0,0,-109.8008961662375,5,4,0,0.0,0.0,0.0,0.0,0.0,0.0
59.72473237870152,59.93326845544279,59.93326845544279,0,0,0,0,150.93476502525107,2,6,0,0.0,0.0,0.0,0.0,0.0,0.0,0,0,0,0,-1057.5050990697666,3,4,0,0.0,0.0,0.0,0.0,0.0,0.0
59.93326845544279,59.557903517308496,59.93326845544279,0,0,0,0,-15.094400162798111,8,5,0,0.0,0.0,0.0,0.0,0.0,0.0,0,0,0,0,-9.83566647295226,4,3,0,0.0,0.0,0.0,0.0,0.0,0.0
59.93326845544279,59.93326845544279,59.93326845544279,0,0,0,0,-0.20971597040772266,6,4,0,0.0,0.0,0.0,0.0,0.0,0.0,0,0,0,0,88.8649852186747,3,8,0,0.0,0.0,0.0,0.0,0.0,0.0
59.613513137772834,59.93326845544279,59.93326845544279,0,0,0,0,4.248053434539524,4,4,0,0.0,0.0,0.0,0.0,0.0,0.0,0,0,0,0,-4.085734369355035,4,5,1,1.0162739391944071e-05,-7.442370695492437,-0.0017102775648062047,0.001717909554475001,15.75,0.5522218890617401
59.93326845544279,58.37619908244126,59.93326845544279,0,0,0,1,18.419644671802434,3,3,0,0.0,0.0,0.0,0.0,0.0,0.0,0,0,0,0,1220.2110861519755,8,4,0,0.0,0.0,0.0,0.0,0.0,0.0
59.93326845544279,59.93326845544279,59.93326845544279,0,0,0,1,11.657601411949747,5,3,0,0.0,0.0,0.0,0.0,0.0,0.0,0,0,0,1,-37.0293414372908,6,4,0,0.0,0.0,0.0,0.0,0.0,0.0
59.93326845544279,59.93326845544279,59.93326845544279,0,0,0,1,553.223767635312,4,7,0,0.0,0.0,0.0,0.0,0.0,0.0,1,0,0,1,-136.94709343603228,5,4,0,0.0,0.0,0.0,0.0,0.0,0.0
59.93326845544279,59.93326845544279,59.93326845544279,0,0,0,0,-17.141112059762705,6,3,0,0.0,0.0,0.0,0.0,0.0,0.0,0,0,0,0,416.4350597657883,5,5,0,0.0,0.0,0.0,0.0,0.0,0.0
59.93326845544279,59.93326845544279,59.93326845544279,0,0,0,0,-12.244436425794767,3,5,0,0.0,0.0,0.0,0.0,0.0,0.0,0,0,0,1,2117.0055723858686,3,3,0,0.0,0.0,0.0,0.0,0.0,0.0
59.93326845544279,59.93326845544279,59.93326845544279,0,0,0,1,41.93731036701202,3,3,0,0.0,0.0,0.0,0.0,0.0,0.0,0,0,0,0,4652.789691196958,5,5,0,0.0,0.0,0.0,0.0,0.0,0.0
59.93326845544279,59.93326845544279,59.93326845544279,0,0,0,0,-32.401925272428905,5,7,0,0.0,0.0,0.0,0.0,0.0,0.0,0,0,0,0,-225.4684041608994,4,4,0,0.0,0.0,0.0,0.0,0.0,0.0
59.15473376894202,59.93326845544279,59.93326845544279,0,0,0,1,17.422995750286645,5,5,0,0.0,0.0,0.0,0.0,0.0,0.0,0,0,0,0,156.98832329304514,5,4,0,0.0,0.0,0.0,0.0,0.0,0.0
59.93326845544279,59.93326845544279,59.93326845544279,0,0,0,1,303.92950429558965,4,4,0,0.0,0.0,0.0,0.0,0.0,0.0,1,0,0,1,-326.31826439962333,4,6,0,0.0,0.0,0.0,0.0,0.0,0.0
59.93326845544279,59.93326845544279,59.93326845544279,0,0,0,1,12.637099975736687,3,5,0,0.0,0.0,0.0,0.0,0.0,0.0,0,0,0,0,1024.240062884456,4,5,0,0.0,0.0,0.0,0.0,0.0,0.0
59.93326845544279,59.91936605032671,59.93326845544279,0,0,0,0,-11.500574194604985,5,4,0,0.0,0.0,0.0,0.0,0.0,0.0,0,0,0,0,-380.2339672796514,3,4,0,0.0,0.0,0.0,0.0,0.0,0.0
59.93326845544279,59.93326845544279,59.93326845544279,0,0,0,0,-3.3303349231535195,3,6,0,0.0,0.0,0.0,0.0,0.0,0.0,0,0,0,1,92.50364941545007,4,4,0,0.0,0.0,0.0,0.0,0.0,0.0
59.93326845544279,59.93326845544279,59.93326845544279,0,0,0,1,19.768758057034784,8,5,0,0.0,0.0,0.0,0.0,0.0,0.0,0,0,0,0,-85.5987630596277,6,4,0,0.0,0.0,0.0,0.0,0.0,0.0
56.49937439176978,59.93326845544279,59.93326845544279,0,0,0,0,-27.441212204718447,3,5,0,0.0,0.0,0.0,0.0,0.0,0.0,0,0,0,0,-7.60519235507206,5,7,0,0.0,0.0,0.0,0.0,0.0,0.0
57.069373001529264,59.905463645210624,59.93326845544279,0,0,0,0,4.244472111073186,4,5,0,0.0,0.0,0.0,0.0,0.0,0.0,0,0,0,0,-412.2891463694335,6,4,0,0.0,0.0,0.0,0.0,0.0,0.0
14.402891700264146,49.464757403030724,59.93326845544279,0,0,0,0,489.4338515501849,1,2,0,0.0,0.0,0.0,0.0,0.0,0.0,0,1,0,1,172.02738822900167,3,4,0,0.0,0.0,0.0,0.0,0.0,0.0
43.20867510079244,52.70401779507855,59.93326845544279,0,0,0,0,6.139474606979077,5,4,0,0.0,0.0,0.0,0.0,0.0,0.0,0,1,0,1,80.12480178943757,4,3,0,0.0,0.0,0.0,0.0,0.0,0.0
25.886278326150425,59.93326845544279,59.93326845544279,0,0,0,0,529.0390198031703,3,3,0,0.0,0.0,0.0,0.0,0.0,0.0,0,0,0,0,1.9416001767983204,6,4,0,0.0,0.0,0.0,0.0,0.0,0.0
59.93326845544279,59.93326845544279,59.93326845544279,0,0,0,0,7.268540653150419,5,5,0,0.0,0.0,0.0,0.0,0.0,0.0,0,0,0,1,1965.1891567673022,6,4,0,0.0,0.0,0.0,0.0,0.0,0.0
59.93326845544279,59.93326845544279,59.93326845544279,0,0,0,1,23.30919467475469,3,3,0,0.0,0.0,0.0,0.0,0.0,0.0,0,0,0,0,-172.0305187267793,3,4,0,0.0,0.0,0.0,0.0,0.0,0.0
57.95912692895872,59.93326845544279,59.93326845544279,0,0,0,1,23.64127943713878,7,4,0,0.0,0.0,0.0,0.0,0.0,0.0,0,0,0,1,-155.86132993218783,5,4,0,0.0,0.0,0.0,0.0,0.0,0.0
59.93326845544279,59.93326845544279,59.93326845544279,0,0,0,0,13.281916205914824,4,4,0,0.0,0.0,0.0,0.0,0.0,0.0,0,0,0,0,125.1348707977548,6,3,0,0.0,0.0,0.0,0.0,0.0,0.0
59.93326845544279,59.93326845544279,59.93326845544279,0,0,0,1,43.475749184423975,6,2,0,0.0,0.0,0.0,0.0,0.0,0.0,0,0,0,1,-182.8761446475725,3,5,0,0.0,0.0,0.0,0.0,0.0,0.0
56.93034895036841,59.93326845544279,59.93326845544279,0,0,0,1,59.54764849415388,2,4,0,0.0,0.0,0.0,0.0,0.0,0.0,0,0,0,0,25.695243547370616,5,7,0,0.0,0.0,0.0,0.0,0.0,0.0
39.997219518976785,59.93326845544279,59.93326845544279,0,0,0,0,45.6830289095486,3,3,0,0.0,0.0,0.0,0.0,0.0,0.0,0,0,0,1,-15.040688006515168,6,6,0,0.0,0.0,0.0,0.0,0.0,0.0
58.098150980119556,59.93326845544279,59.93326845544279,0,0,0,1,310.17238865468823,4,5,0,0.0,0.0,0.0,0.0,0.0,0.0,0,0,0,0,15.985106562367621,5,5,0,0.0,0.0,0.0,0.0,0.0,0.0
39.76087863200334,59.93326845544279,59.93326845544279,0,0,0,1,86.58344698692567,4,5,0,0.0,0.0,0.0,0.0,0.0,0.0,0,0,0,1,-26.3227319028296,4,6,0,0.0,0.0,0.0,0.0,0.0,0.0
59.905463645210624,59.93326845544279,59.93326845544279,0,0,0,1,-68.12619467997777,2,4,0,0.0,0.0,0.0,0.0,0.0,0.0,0,0,0,0,-169.5041916452746,5,2,0,0.0,0.0,0.0,0.0,0.0,0.0
59.93326845544279,59.93326845544279,59.93326845544279,0,0,0,1,-48.863478348460745,5,5,0,0.0,0.0,0.0,0.0,0.0,0.0,0,0,0,0,-9.19939173623385,4,5,0,0.0,0.0,0.0,0.0,0.0,0.0
59.93326845544279,59.93326845544279,59.93326845544279,0,0,0,1,-49.445106504892934,5,7,0,0.0,0.0,0.0,0.0,0.0,0.0,0,0,0,1,-62.846786110852925,6,5,0,0.0,0.0,0.0,0.0,0.0,0.0
59.93326845544279,59.93326845544279,59.93326845544279,0,0,0,1,-135.31480905944198,5,3,0,0.0,0.0,0.0,0.0,0.0,0.0,0,0,0,1,144.82011804347715,2,5,0,0.0,0.0,0.0,0.0,0.0,0.0
59.93326845544279,59.93326845544279,59.93326845544279,0,0,0,1,22.018825023503563,3,3,0,0.0,0.0,0.0,0.0,0.0,0.0,0,0,0,0,67.80741039525024,4,6,0,0.0,0.0,0.0,0.0,0.0,0.0
59.93326845544279,59.93326845544279,59.93326845544279,0,0,0,1,313.06594003426613,4,3,0,0.0,0.0,0.0,0.0,0.0,0.0,0,0,0,0,124.24870255293699,7,4,0,0.0,0.0,0.0,0.0,0.0,0.0
46.71208119004588,59.82204921451411,59.93326845544279,0,0,0,1,134.29885784195713,3,5,0,0.0,0.0,0.0,0.0,0.0,0.0,0,0,0,0,50.109822063791356,4,5,0,0.0,0.0,0.0,0.0,0.0,0.0
59.93326845544279,59.905463645210624,59.93326845544279,0,0,0,0,313.78765911141716,3,4,0,0.0,0.0,0.0,0.0,0.0,0.0,0,0,0,0,12.942023918753796,5,6,0,0.0,0.0,0.0,0.0,0.0,0.0
59.93326845544279,59.75253718893369,59.93326845544279,0,0,0,1,-116.64057124955679,2,6,0,0.0,0.0,0.0,0.0,0.0,0.0,0,0,0,1,220.0585035805916,4,5,0,0.0,0.0,0.0,0.0,0.0,0.0
22.84165160572779,59.47448908661198,59.93326845544279,0,0,0,0,218.3470123665455,2,2,0,0.0,0.0,0.0,0.0,0.0,0.0,0,0,0,0,552.706279024962,4,3,0,0.0,0.0,0.0,0.0,0.0,0.0
59.93326845544279,59.93326845544279,59.93326845544279,0,0,0,1,-40.06554348138483,6,4,0,0.0,0.0,0.0,0.0,0.0,0.0,0,0,0,0,406.83780090833534,4,4,0,0.0,0.0,0.0,0.0,0.0,0.0
59.93326845544279,59.86375642986237,59.93326845544279,0,0,0,0,47.23504046319671,6,3,0,0.0,0.0,0.0,0.0,0.0,0.0,0,0,0,0,-5.525848312758157,3,5,0,0.0,0.0,0.0,0.0,0.0,0.0
59.82204921451411,59.905463645210624,59.93326845544279,0,0,0,0,7.744521958981336,4,5,1,4.215605396339058e-06,-2.4852034551766184,-0.000744091390444018,0.0007453730095595603,32.166666666666664,0.6308540203340937,0,0,0,0,28.405966229584745,4,6,1,3.652784981629759e-05,-25.810183848252898,-0.006862766985610222,0.006874670041374752,28.866666666666667,0.67531806709317
59.93326845544279,59.93326845544279,59.93326845544279,0,0,0,1,47.05393463136371,4,5,1,3.6889854364431438e-06,-1.891995763864719,-0.0004712679234034194,0.000570066366563912,16.333333333333332,0.5638636698543634,0,0,0,1,639.2898230203468,4,6,1,3.7072127892892945e-05,-28.897811337066948,-0.006397082625591821,0.006437091503709444,12.25,0.6700209661570673
59.905463645210624,17.600444876963714,25.079938829417493,0,0,0,1,16.73942145651266,5,5,0,0.0,0.0,0.0,0.0,0.0,0.0,0,0,0,0,-12357.276252876492,1,2,0,0.0,0.0,0.0,0.0,0.0,0.0
56.541081607118024,0.0,34.85332962602531,0,0,0,0,-35.09104170259867,5,6,0,0.0,0.0,0.0,0.0,0.0,0.0,0,0,0,0,-35.09104170259867,5,6,0,0.0,0.0,0.0,0.0,0.0,0.0
59.93326845544279,59.89156124009454,59.93326845544279,0,0,0,0,11.44205843260713,8,7,0,0.0,0.0,0.0,0.0,0.0,0.0,0,0,0,0,469.40825936106376,7,6,0,0.0,0.0,0.0,0.0,0.0,0.0
59.93326845544279,59.89156124009454,59.93326845544279,0,0,0,0,-526.5618316502256,6,6,0,0.0,0.0,0.0,0.0,0.0,0.0,0,0,0,1,2193.1540904127064,3,4,0,0.0,0.0,0.0,0.0,0.0,0.0
59.93326845544279,59.89156124009454,59.93326845544279,0,0,0,0,458.5236719774797,5,6,0,0.0,0.0,0.0,0.0,0.0,0.0,0,0,0,1,-591.104611442526,3,3,0,0.0,0.0,0.0,0.0,0.0,0.0
59.93326845544279,59.849854024746286,59.93326845544279,0,0,0,0,-99.68356100736345,4,6,0,0.0,0.0,0.0,0.0,0.0,0.0,0,0,0,0,-1320.553994382419,6,3,0,0.0,0.0,0.0,0.0,0.0,0.0
59.93326845544279,59.8359516196302,59.93326845544279,0,0,0,0,1.395154525651231,4,6,0,0.0,0.0,0.0,0.0,0.0,0.0,0,0,0,1,335.95174440647435,4,5,0,0.0,0.0,0.0,0.0,0.0,0.0
59.93326845544279,59.89156124009454,59.93326845544279,0,0,0,1,-43.6084023002419,3,5,0,0.0,0.0,0.0,0.0,0.0,0.0,0,0,0,0,215.3151175495072,2,4,0,0.0,0.0,0.0,0.0,0.0,0.0
59.93326845544279,59.89156124009454,59.93326845544279,0,0,0,0,-110.16671448045078,7,5,0,0.0,0.0,0.0,0.0,0.0,0.0,0,0,0,1,2324.4721941289113,6,4,0,0.0,0.0,0.0,0.0,0.0,0.0
59.93326845544279,59.89156124009454,59.93326845544279,1,0,0,1,-79.595047983774,4,3,0,0.0,0.0,0.0,0.0,0.0,0.0,0,0,0,1,-556.6436313726874,5,5,0,0.0,0.0,0.0,0.0,0.0,0.0
59.91936605032671,39.482830529681635,39.927707493396355,0,1,0,1,47.85212637601612,3,5,0,0.0,0.0,0.0,0.0,0.0,0.0,0,0,0,0,-7296.827231349277,4,5,0,0.0,0.0,0.0,0.0,0.0,0.0
59.97497567079104,59.89156124009454,59.93326845544279,0,0,0,1,1.4498682355905192,4,4,0,0.0,0.0,0.0,0.0,0.0,0.0,0,0,0,0,-359.6839416819684,3,3,0,0.0,0.0,0.0,0.0,0.0,0.0
59.97497567079104,59.89156124009454,59.93326845544279,0,1,0,1,436.13784514109153,4,3,0,0.0,0.0,0.0,0.0,0.0,0.0,0,0,0,0,-1299.1226693834037,4,3,0,0.0,0.0,0.0,0.0,0.0,0.0
59.97497567079104,59.849854024746286,59.93326845544279,0,0,0,0,10.150498315537588,5,7,0,0.0,0.0,0.0,0.0,0.0,0.0,0,0,0,1,-872.4277971598168,7,3,0,0.0,0.0,0.0,0.0,0.0,0.0
59.43278187126373,59.613513137772834,59.93326845544279,0,0,0,1,-42.65645185870107,2,5,0,0.0,0.0,0.0,0.0,0.0,0.0,0,0,0,0,148.46656542584327,2,7,0,0.0,0.0,0.0,0.0,0.0,0.0
59.418879466147644,59.683025163353264,59.93326845544279,0,0,0,0,-63.59470243822211,5,5,0,0.0,0.0,0.0,0.0,0.0,0.0,0,0,0,0,278.4154958663719,7,5,0,0.0,0.0,0.0,0.0,0.0,0.0
0.0,59.86375642986237,59.93326845544279,0,0,0,0,0.0,0,0,0,0.0,0.0,0.0,0.0,0.0,0.0,0,0,0,1,-8451.807001857393,4,3,0,0.0,0.0,0.0,0.0,0.0,0.0
24.037258445711107,51.55011817044348,59.93326845544279,0,0,0,0,81.5858658734473,2,2,0,0.0,0.0,0.0,0.0,0.0,0.0,0,0,0,1,-1212.6717520985876,5,3,0,0.0,0.0,0.0,0.0,0.0,0.0
51.63353260114,59.07131933824552,59.93326845544279,0,0,0,0,-19.73943916141953,4,8,0,0.0,0.0,0.0,0.0,0.0,0.0,0,0,0,1,-1412.9046849952592,5,3,0,0.0,0.0,0.0,0.0,0.0,0.0
16.988739051855973,48.0884192965383,59.93326845544279,0,0,0,0,1.003725186551666,2,1,0,0.0,0.0,0.0,0.0,0.0,0.0,0,0,0,0,1351.566665121367,3,2,0,0.0,0.0,0.0,0.0,0.0,0.0
22.090921729459197,59.849854024746286,59.93326845544279,0,0,0,0,-12.894995747066083,2,2,0,0.0,0.0,0.0,0.0,0.0,0.0,0,0,0,1,913.5196067876551,3,4,0,0.0,0.0,0.0,0.0,0.0,0.0
22.688725149450857,11.76143472820798,11.803141943556234,0,0,0,0,1.0840644339380219,2,3,0,0.0,0.0,0.0,0.0,0.0,0.0,0,0,0,1,-2042.5599417720048,2,2,0,0.0,0.0,0.0,0.0,0.0,0.0
0.0,59.849854024746286,59.93326845544279,0,0,0,0,0.0,0,0,0,0.0,0.0,0.0,0.0,0.0,0.0,0,0,0,0,242.28159215942966,3,5,0,0.0,0.0,0.0,0.0,0.0,0.0
0.0,59.89156124009454,59.93326845544279,0,0,0,0,0.0,0,0,0,0.0,0.0,0.0,0.0,0.0,0.0,0,0,0,1,-363.82048591726954,3,3,0,0.0,0.0,0.0,0.0,0.0,0.0
11.02460725705547,59.89156124009454,59.93326845544279,0,0,0,0,-53.92291972496337,1,1,0,0.0,0.0,0.0,0.0,0.0,0.0,0,0,0,0,421.7796503514907,5,3,0,0.0,0.0,0.0,0.0,0.0,0.0
56.55498401223412,59.8359516196302,59.93326845544279,0,0,0,1,10.834858572550548,6,6,0,0.0,0.0,0.0,0.0,0.0,0.0,0,0,0,0,-164.34002285348976,4,5,0,0.0,0.0,0.0,0.0,0.0,0.0
42.221604337550396,59.86375642986237,59.93326845544279,0,0,0,0,-343.28652265582883,4,7,0,0.0,0.0,0.0,0.0,0.0,0.0,0,0,0,0,-670.1039375529471,4,4,0,0.0,0.0,0.0,0.0,0.0,0.0
45.26623105797303,59.89156124009454,59.93326845544279,0,0,0,1,-16.644956919701393,4,6,0,0.0,0.0,0.0,0.0,0.0,0.0,0,0,0,0,45.20847246118792,3,6,0,0.0,0.0,0.0,0.0,0.0,0.0
59.97497567079104,50.71597386347838,59.93326845544279,0,0,0,1,302.4844024903622,4,4,0,0.0,0.0,0.0,0.0,0.0,0.0,0,0,0,1,-1071.1466254742306,6,5,0,0.0,0.0,0.0,0.0,0.0,0.0
59.97497567079104,59.849854024746286,59.93326845544279,0,0,0,0,-70.54669598342909,5,4,0,0.0,0.0,0.0,0.0,0.0,0.0,0,0,0,0,-22.31896171335066,3,4,0,0.0,0.0,0.0,0.0,0.0,0.0
59.97497567079104,59.89156124009454,59.93326845544279,0,0,0,1,35.26192561532303,8,3,0,0.0,0.0,0.0,0.0,0.0,0.0,0,0,0,0,-980.9659026289135,4,3,0,0.0,0.0,0.0,0.0,0.0,0.0
59.97497567079104,59.89156124009454,59.93326845544279,0,0,0,0,1.581196307372698,5,5,0,0.0,0.0,0.0,0.0,0.0,0.0,0,0,0,1,138.50711420724292,4,4,0,0.0,0.0,0.0,0.0,0.0,0.0
59.97497567079104,49.881829556513274,59.93326845544279,0,0,0,1,311.0574499024586,5,3,0,0.0,0.0,0.0,0.0,0.0,0.0,0,0,0,0,9434.887384914147,4,5,0,0.0,0.0,0.0,0.0,0.0,0.0
59.97497567079104,20.200194633671625,59.93326845544279,0,0,0,0,-100.21295115803228,5,3,0,0.0,0.0,0.0,0.0,0.0,0.0,0,0,0,0,20.794838148527415,2,3,0,0.0,0.0,0.0,0.0,0.0,0.0
59.97497567079104,0.0,0.0,0,0,0,1,5.8896719662244195,5,4,0,0.0,0.0,0.0,0.0,0.0,0.0,0,0,0,1,5.8896719662244195,5,4,0,0.0,0.0,0.0,0.0,0.0,0.0
59.97497567079104,0.0,0.0,0,0,0,1,138.36873204681092,5,2,0,0.0,0.0,0.0,0.0,0.0,0.0,0,0,0,1,138.36873204681092,5,2,0,0.0,0.0,0.0,0.0,0.0,0.0
59.97497567079104,37.32795773668845,51.8142638676491,0,0,0,0,-3.4602483471236667,5,5,0,0.0,0.0,0.0,0.0,0.0,0.0,0,0,0,0,-106.59601270026137,3,3,0,0.0,0.0,0.0,0.0,0.0,0.0
59.97497567079104,59.905463645210624,59.93326845544279,0,0,0,1,139.1187217355289,4,3,0,0.0,0.0,0.0,0.0,0.0,0.0,0,0,0,0,691.7195454428481,5,4,0,0.0,0.0,0.0,0.0,0.0,0.0
59.97497567079104,59.08522174336161,59.93326845544279,0,0,0,1,277.76657132892865,4,4,0,0.0,0.0,0.0,0.0,0.0,0.0,0,0,0,0,-1391.5797855984367,3,2,1,2.1606170210432266e-05,-15.428319715680548,-0.003627007548869489,0.003886683576437305,28.433333333333334,0.6326515627765444
38.84331989434172,59.86375642986237,59.93326845544279,0,0,0,0,-14.386193580355828,5,3,0,0.0,0.0,0.0,0.0,0.0,0.0,0,0,0,1,-832.761027325773,6,4,0,0.0,0.0,0.0,0.0,0.0,0.0
59.961073265674955,59.93326845544279,59.93326845544279,0,0,0,1,25.85983669610956,4,5,0,0.0,0.0,0.0,0.0,0.0,0.0,0,0,0,0,-49.79508007858718,4,4,0,0.0,0.0,0.0,0.0,0.0,0.0
59.97497567079104,56.165716668983734,59.93326845544279,0,0,0,1,-1000.5518056844926,3,7,0,0.0,0.0,0.0,0.0,0.0,0.0,0,0,0,0,-48.53543360927632,5,4,0,0.0,0.0,0.0,0.0,0.0,0.0
59.97497567079104,59.93326845544279,59.93326845544279,0,0,0,1,-162.22305282216377,2,5,0,0.0,0.0,0.0,0.0,0.0,0.0,0,0,0,0,189.93968865655907,4,4,0,0.0,0.0,0.0,0.0,0.0,0.0
59.66912275823717,59.780341999165856,59.93326845544279,0,0,0,1,10.079921489714403,2,4,1,1.622923761511825e-06,-1.3226583102982585,-0.0003088509219634144,0.00031264486848705923,23.216666666666665,0.5821715367205121,0,0,0,1,-304.2110937886631,5,3,1,1.4967476208243051e-05,-13.726431685926125,-0.0029589324975367996,0.002980342148419492,23.5,0.6418729571291165
58.26497984151258,59.93326845544279,59.93326845544279,0,0,0,0,-61.776936270309704,6,4,0,0.0,0.0,0.0,0.0,0.0,0.0,0,0,0,0,390.02722778664645,6,4,0,0.0,0.0,0.0,0.0,0.0,0.0
59.97497567079104,59.93326845544279,59.93326845544279,0,0,0,1,287.4255371408623,4,6,0,0.0,0.0,0.0,0.0,0.0,0.0,0,0,0,0,-34.344477096106665,2,4,0,0.0,0.0,0.0,0.0,0.0,0.0
59.97497567079104,59.93326845544279,59.93326845544279,0,0,0,1,739.970129963581,3,7,0,0.0,0.0,0.0,0.0,0.0,0.0,0,0,0,0,-2503.5505271610905,6,6,0,0.0,0.0,0.0,0.0,0.0,0.0
59.97497567079104,59.93326845544279,59.93326845544279,0,0,0,0,-132.96685808828215,4,5,0,0.0,0.0,0.0,0.0,0.0,0.0,0,0,0,1,608.3431439191436,6,3,0,0.0,0.0,0.0,0.0,0.0,0.0
49.631586264423746,58.390101487557345,58.390101487557345,0,0,0,0,-85.34225075183923,5,4,0,0.0,0.0,0.0,0.0,0.0,0.0,0,0,0,1,-88.55058014539364,3,4,0,0.0,0.0,0.0,0.0,0.0,0.0
34.54747671347143,59.93326845544279,59.93326845544279,0,0,0,0,39.78932063413839,3,3,0,0.0,0.0,0.0,0.0,0.0,0.0,0,0,0,0,149.687354799746,5,5,0,0.0,0.0,0.0,0.0,0.0,0.0
37.17503128041152,59.905463645210624,59.93326845544279,0,0,0,0,-71.88688037745126,4,3,0,0.0,0.0,0.0,0.0,0.0,0.0,0,1,0,1,19.290030865445864,6,4,0,0.0,0.0,0.0,0.0,0.0,0.0
35.93771722507994,58.59863756429863,59.93326845544279,0,0,0,0,-33.754613824225714,4,3,0,0.0,0.0,0.0,0.0,0.0,0.0,0,0,0,1,101.63408293805595,5,6,0,0.0,0.0,0.0,0.0,0.0,0.0
21.54872792993188,59.93326845544279,59.93326845544279,0,0,0,0,-3.799907625467078,2,1,0,0.0,0.0,0.0,0.0,0.0,0.0,0,0,0,1,-112.43077733297436,4,5,0,0.0,0.0,0.0,0.0,0.0,0.0
12.345335743083554,59.93326845544279,59.93326845544279,0,0,0,0,-1351.925513949156,1,1,0,0.0,0.0,0.0,0.0,0.0,0.0,0,0,0,1,38.38531760716352,3,3,0,0.0,0.0,0.0,0.0,0.0,0.0
0.0,29.417489225636036,59.93326845544279,0,0,0,0,0.0,0,0,0,0.0,0.0,0.0,0.0,0.0,0.0,0,0,0,1,-19.889567700551638,2,6,0,0.0,0.0,0.0,0.0,0.0,0.0
18.921173362991798,52.592798554149866,59.93326845544279,0,0,0,0,-1.060711169612426,2,1,0,0.0,0.0,0.0,0.0,0.0,0.0,0,0,0,0,25.588703116318197,6,4,0,0.0,0.0,0.0,0.0,0.0,0.0
29.069929097733908,59.905463645210624,59.93326845544279,0,0,0,0,-83.97166777903398,4,2,0,0.0,0.0,0.0,0.0,0.0,0.0,0,0,0,1,32.15710630642079,6,5,0,0.0,0.0,0.0,0.0,0.0,0.0
50.159877658834986,59.877658834978455,59.93326845544279,0,0,0,0,-81.33141918124034,4,4,0,0.0,0.0,0.0,0.0,0.0,0.0,0,0,0,0,-29.847081666085337,3,4,0,0.0,0.0,0.0,0.0,0.0,0.0
38.73210065341304,59.93326845544279,59.93326845544279,0,0,0,0,-13.968321032613469,6,1,0,0.0,0.0,0.0,0.0,0.0,0.0,0,0,0,0,-53.77841795914542,8,4,0,0.0,0.0,0.0,0.0,0.0,0.0
28.319199221465315,59.93326845544279,59.93326845544279,0,0,0,0,-80.29770148226417,2,3,0,0.0,0.0,0.0,0.0,0.0,0.0,0,0,0,1,49.85280249923096,4,3,0,0.0,0.0,0.0,0.0,0.0,0.0
35.2286945641596,59.905463645210624,59.93326845544279,0,0,0,0,7.019047196004349,4,2,0,0.0,0.0,0.0,0.0,0.0,0.0,0,0,0,0,44.48272185493461,5,3,0,0.0,0.0,0.0,0.0,0.0,0.0
44.3625747254275,59.86375642986237,59.93326845544279,0,0,0,1,104.75370816481464,4,7,0,0.0,0.0,0.0,0.0,0.0,0.0,0,0,0,1,29.60042001848635,3,6,0,0.0,0.0,0.0,0.0,0.0,0.0
42.485750034756016,59.93326845544279,59.93326845544279,0,0,0,1,-67.60089530399998,3,6,0,0.0,0.0,0.0,0.0,0.0,0.0,0,0,0,0,-136.87440142637425,3,5,0,0.0,0.0,0.0,0.0,0.0,0.0
38.78771027387738,59.08522174336161,59.93326845544279,0,0,0,0,-14.462831953639672,6,5,0,0.0,0.0,0.0,0.0,0.0,0.0,0,0,0,0,-81.51797264142706,4,3,0,0.0,0.0,0.0,0.0,0.0,0.0
36.09064368135687,0.0,16.76630056999861,0,0,0,0,591.1673981523692,3,4,0,0.0,0.0,0.0,0.0,0.0,0.0,0,0,0,0,591.1673981523692,3,4,0,0.0,0.0,0.0,0.0,0.0,0.0
40.8174614208258,59.516196301960235,59.93326845544279,0,0,0,1,91.12251113952564,2,3,0,0.0,0.0,0.0,0.0,0.0,0.0,0,0,0,0,900.5553466351761,8,5,0,0.0,0.0,0.0,0.0,0.0,0.0
35.79869317391909,59.93326845544279,59.93326845544279,0,0,0,1,14.490842555968417,3,4,0,0.0,0.0,0.0,0.0,0.0,0.0,0,0,0,0,-101.70063861245593,3,7,0,0.0,0.0,0.0,0.0,0.0,0.0
34.811622410677046,59.93326845544279,59.93326845544279,0,0,0,1,34.21732508991277,2,3,0,0.0,0.0,0.0,0.0,0.0,0.0,0,0,0,0,7.138827236927609,2,4,0,0.0,0.0,0.0,0.0,0.0,0.0
34.97845127207007,59.93326845544279,59.93326845544279,0,0,0,0,153.01618361753467,5,3,0,0.0,0.0,0.0,0.0,0.0,0.0,0,0,0,0,-266.44941684481745,6,3,0,0.0,0.0,0.0,0.0,0.0,0.0
33.713332406506325,59.93326845544279,59.93326845544279,0,0,0,1,63.07567367058945,5,4,0,0.0,0.0,0.0,0.0,0.0,0.0,0,0,0,0,-46.66726756025677,2,2,0,0.0,0.0,0.0,0.0,0.0,0.0
33.79674683720283,59.93326845544279,59.93326845544279,0,0,0,1,-199.44938649786323,3,2,0,0.0,0.0,0.0,0.0,0.0,0.0,0,0,0,0,1026.551995717195,3,2,0,0.0,0.0,0.0,0.0,0.0,0.0
38.8572222994578,59.93326845544279,59.93326845544279,0,0,0,0,-268.63723581231875,3,2,0,0.0,0.0,0.0,0.0,0.0,0.0,0,0,0,0,102.19747210943278,4,5,0,0.0,0.0,0.0,0.0,0.0,0.0
32.9904073404699,59.93326845544279,59.93326845544279,0,0,0,0,-105.85649709273956,3,3,0,0.0,0.0,0.0,0.0,0.0,0.0,0,0,0,0,-750.5645247370356,4,3,0,0.0,0.0,0.0,0.0,0.0,0.0
31.488947587932714,59.93326845544279,59.93326845544279,0,0,0,0,284.0575408631008,3,5,0,0.0,0.0,0.0,0.0,0.0,0.0,0,0,0,0,-275.29522289357914,4,5,0,0.0,0.0,0.0,0.0,0.0,0.0
34.811622410677046,59.93326845544279,59.93326845544279,0,0,0,1,-117.43078696830948,2,3,0,0.0,0.0,0.0,0.0,0.0,0.0,0,0,0,0,-1208.971249143145,4,5,0,0.0,0.0,0.0,0.0,0.0,0.0
33.28235784790769,53.3991380508828,59.93326845544279,0,0,0,0,-15.885552740537248,2,2,0,0.0,0.0,0.0,0.0,0.0,0.0,0,0,0,0,-181.32416192199804,3,6,0,0.0,0.0,0.0,0.0,0.0,0.0
25.093841234533578,59.93326845544279,59.93326845544279,0,0,0,0,-7.682200134691313,1,1,0,0.0,0.0,0.0,0.0,0.0,0.0,0,0,0,0,-40.90175315832538,5,5,0,0.0,0.0,0.0,0.0,0.0,0.0
0.0,59.93326845544279,59.93326845544279,0,0,0,0,0.0,0,0,0,0.0,0.0,0.0,0.0,0.0,0.0,0,0,0,1,182.87034468453086,4,6,0,0.0,0.0,0.0,0.0,0.0,0.0
35.17308494369526,59.93326845544279,59.93326845544279,0,0,0,0,-6.85547054004405,4,3,0,0.0,0.0,0.0,0.0,0.0,0.0,0,0,0,1,-384.89702264525346,4,4,0,0.0,0.0,0.0,0.0,0.0,0.0
59.97497567079104,59.93326845544279,59.93326845544279,0,0,0,0,47.903929821528465,5,4,0,0.0,0.0,0.0,0.0,0.0,0.0,0,0,0,0,512.3032644047697,3,5,0,0.0,0.0,0.0,0.0,0.0,0.0
47.67134714305575,59.93326845544279,59.93326845544279,0,0,0,1,53.979633389013024,6,5,0,0.0,0.0,0.0,0.0,0.0,0.0,0,0,0,0,-18.72906278175774,4,5,0,0.0,0.0,0.0,0.0,0.0,0.0
14.430696510496317,59.93326845544279,59.93326845544279,0,0,0,0,-87.27123231954677,1,2,0,0.0,0.0,0.0,0.0,0.0,0.0,0,0,0,0,19.529514777955942,5,5,0,0.0,0.0,0.0,0.0,0.0,0.0
0.0,59.93326845544279,59.93326845544279,0,0,0,0,0.0,0,0,0,0.0,0.0,0.0,0.0,0.0,0.0,0,0,0,0,-644.8356107549529,4,5,0,0.0,0.0,0.0,0.0,0.0,0.0
30.5713888502711,59.93326845544279,59.93326845544279,0,0,0,0,26.225773540292526,3,3,0,0.0,0.0,0.0,0.0,0.0,0.0,0,0,0,0,-15.900684244164328,4,5,0,0.0,0.0,0.0,0.0,0.0,0.0
39.6079521757264,59.62741554288892,59.93326845544279,0,0,0,0,49.00105920667821,3,3,0,0.0,0.0,0.0,0.0,0.0,0.0,0,0,0,0,-49.60630841882093,6,4,0,0.0,0.0,0.0,0.0,0.0,0.0
39.26039204782427,59.89156124009454,59.93326845544279,0,0,0,1,435.1414592662916,5,6,0,0.0,0.0,0.0,0.0,0.0,0.0,0,0,0,0,2.866051056307706,3,4,1,1.5728788949630983e-05,-8.648715291758258,-0.0020176860816959485,0.0024522466428677048,21.2,0.5217585056841268
45.725010426803834,59.75253718893369,59.93326845544279,0,0,0,0,300.4505593669165,3,5,0,0.0,0.0,0.0,0.0,0.0,0.0,0,0,0,1,57.782354317161634,3,6,0,0.0,0.0,0.0,0.0,0.0,0.0
40.84526623105798,59.89156124009454,59.93326845544279,0,0,0,0,9.109608579457559,5,5,0,0.0,0.0,0.0,0.0,0.0,0.0,0,0,0,0,-813.1651599390437,2,6,0,0.0,0.0,0.0,0.0,0.0,0.0
47.72695676352009,59.04351452801334,59.93326845544279,0,0,0,0,106.19585543902642,5,7,0,0.0,0.0,0.0,0.0,0.0,0.0,0,0,0,1,101.12370213815787,6,4,0,0.0,0.0,0.0,0.0,0.0,0.0
40.84526623105798,59.8359516196302,59.93326845544279,0,0,0,1,-334.94649829172147,3,2,0,0.0,0.0,0.0,0.0,0.0,0.0,0,0,0,0,3457.8156869355307,3,4,0,0.0,0.0,0.0,0.0,0.0,0.0
59.11302655359377,59.89156124009454,59.93326845544279,0,0,0,0,-43.94326189353827,4,7,0,0.0,0.0,0.0,0.0,0.0,0.0,0,0,0,0,-378.55085545639884,7,3,0,0.0,0.0,0.0,0.0,0.0,0.0
39.16307521201168,54.247184762964,54.247184762964,0,0,0,0,-1060.5741526002016,2,5,0,0.0,0.0,0.0,0.0,0.0,0.0,0,0,0,1,498.94901473489153,3,4,0,0.0,0.0,0.0,0.0,0.0,0.0
33.08772417628249,38.579174197136105,38.579174197136105,0,1,0,1,29.04749656186908,3,2,0,0.0,0.0,0.0,0.0,0.0,0.0,0,0,0,0,-408.47964389181897,4,4,0,0.0,0.0,0.0,0.0,0.0,0.0
32.4343111358265,58.751564020575564,58.751564020575564,0,0,0,0,270.2938525696289,3,4,0,0.0,0.0,0.0,0.0,0.0,0.0,0,0,0,0,2690.7928683899613,6,6,0,0.0,0.0,0.0,0.0,0.0,0.0
31.94772695676352,52.4676769081051,52.4676769081051,0,0,0,0,-48.11628157639878,2,3,0,0.0,0.0,0.0,0.0,0.0,0.0,0,0,0,1,873.7583330422676,6,5,0,0.0,0.0,0.0,0.0,0.0,0.0
41.025997497567076,39.10746559154734,39.10746559154734,0,0,0,0,-291.56167738404076,3,3,1,1.4547603316386372e-05,-10.027224240379754,-0.002785118096147421,0.002785118096147421,10.133333333333333,0.6859345352781879,0,0,0,1,-237.7466819424196,4,4,0,0.0,0.0,0.0,0.0,0.0,0.0
32.79577366884471,59.93326845544279,59.94717086055887,0,0,0,0,-11.230219274224911,4,3,0,0.0,0.0,0.0,0.0,0.0,0.0,0,0,0,1,-66.04405506774437,5,6,0,0.0,0.0,0.0,0.0,0.0,0.0
36.53552064507159,59.89156124009454,59.93326845544279,0,0,0,1,176.83147016144696,4,5,0,0.0,0.0,0.0,0.0,0.0,0.0,0,0,0,1,-103.35975466708129,4,3,0,0.0,0.0,0.0,0.0,0.0,0.0
33.10162658139858,52.89865146670374,52.912553871819824,0,0,0,0,-5.048895247978326,2,3,0,0.0,0.0,0.0,0.0,0.0,0.0,0,0,0,0,-0.45416406159130124,7,8,0,0.0,0.0,0.0,0.0,0.0,0.0
34.297233421381904,59.93326845544279,59.93326845544279,0,0,0,1,1740.2769568051083,2,4,0,0.0,0.0,0.0,0.0,0.0,0.0,0,0,0,1,-28.227024303098744,3,4,0,0.0,0.0,0.0,0.0,0.0,0.0
31.97553176699569,35.65966912275824,35.65966912275824,0,0,0,1,-174.03240643614257,1,2,0,0.0,0.0,0.0,0.0,0.0,0.0,0,0,0,0,2116.066461766741,2,4,0,0.0,0.0,0.0,0.0,0.0,0.0
32.23967746420131,30.71041290143195,30.71041290143195,0,1,0,1,195.7017337498303,3,5,0,0.0,0.0,0.0,0.0,0.0,0.0,0,0,0,1,131.73930280617648,5,2,1,6.778063115688658e-06,-1.6970338157518916,-0.0003326939260349532,0.0009607587421063326,6.4,0.5134435215305692
32.42040873071041,38.69039343806479,38.69039343806479,0,0,0,0,-56.710620879668696,3,1,0,0.0,0.0,0.0,0.0,0.0,0.0,0,0,0,0,-165.30255335214352,4,7,0,0.0,0.0,0.0,0.0,0.0,0.0
31.76699569025441,26.094814402891704,26.094814402891704,1,0,0,1,-103.24993060933173,5,2,0,0.0,0.0,0.0,0.0,0.0,0.0,0,0,0,1,-845.5300482534603,4,2,0,0.0,0.0,0.0,0.0,0.0,0.0
33.28235784790769,59.53009870707633,59.53009870707633,0,0,0,0,2867.6818682167873,2,3,0,0.0,0.0,0.0,0.0,0.0,0.0,0,0,0,1,1045.0313472592127,4,5,0,0.0,0.0,0.0,0.0,0.0,0.0
27.832615042402338,11.135826497984151,11.135826497984151,0,0,0,1,-14.143673500469847,2,3,0,0.0,0.0,0.0,0.0,0.0,0.0,0,0,0,0,-32516.06183824698,1,2,0,0.0,0.0,0.0,0.0,0.0,0.0
