t1,time,Gap before measurement (min),date
2019-01-20 07:27:05.050,2019-01-20 07:27:00,0,2019-01-20
2019-01-23 18:30:57.625,2019-01-23 18:30:00,0,2019-01-23
2019-02-02 03:04:51.113,2019-02-02 03:04:00,0,2019-02-02
2019-02-06 01:06:17.275,2019-02-06 01:06:00,0,2019-02-06
2019-03-30 02:43:59.494,2019-03-30 02:43:00,0,2019-03-30
2019-03-31 09:28:15.401,2019-03-31 09:28:00,0,2019-03-31
2019-04-01 14:03:50.026,2019-04-01 14:03:00,0,2019-04-01
2019-04-03 20:35:48.185,2019-04-03 20:35:00,0,2019-04-03
2019-04-10 02:35:30.702,2019-04-10 02:35:00,0,2019-04-10
2019-04-10 12:17:32.700,2019-04-10 12:17:00,0,2019-04-10
2019-04-12 12:13:42.637,2019-04-12 12:13:00,0,2019-04-12
2019-04-13 06:07:47.614,2019-04-13 06:07:00,0,2019-04-13
2019-05-11 13:14:13.274,2019-05-11 13:14:00,0,2019-05-11
2019-05-11 13:19:34.310,2019-05-11 13:19:00,0,2019-05-11
2019-05-13 15:05:13.153,2019-05-13 15:05:00,0,2019-05-13
2019-05-14 23:04:27.336,2019-05-14 23:04:00,0,2019-05-14
2019-05-17 08:11:37.109,2019-05-17 08:11:00,0,2019-05-17
2019-05-21 00:13:37.042,2019-05-21 00:13:00,0,2019-05-21
2019-05-23 21:54:59.187,2019-05-23 21:54:00,0,2019-05-23
2019-05-24 00:45:50.715,2019-05-24 00:45:00,0,2019-05-24
2019-05-25 19:18:05.914,2019-05-25 19:18:00,0,2019-05-25
2019-06-05 21:43:17.056,2019-06-05 21:43:00,0,2019-06-05
2019-06-06 08:55:04.900,2019-06-06 08:55:00,0,2019-06-06
2019-06-06 08:58:51.700,2019-06-06 08:58:00,0,2019-06-06
2019-06-07 11:50:18.400,2019-06-07 11:50:00,0,2019-06-07
2019-06-09 19:28:50.125,2019-06-09 19:28:00,0,2019-06-09
2019-06-11 09:43:43.375,2019-06-11 09:43:00,0,2019-06-11
2019-09-12 14:30:20.875,2019-09-12 14:30:00,0,2019-09-12
2019-09-16 18:51:06.127,2019-09-16 18:51:00,0,2019-09-16
2019-09-28 15:40:12.162,2019-09-28 15:40:00,0,2019-09-28
2019-09-30 23:19:34.500,2019-09-30 23:19:00,0,2019-09-30
2019-10-01 13:02:21.666,2019-10-01 13:02:00,0,2019-10-01
2019-10-02 19:35:28.250,2019-10-02 19:35:00,0,2019-10-02
2019-10-04 06:20:28.250,2019-10-04 06:20:00,0,2019-10-04
2019-12-05 13:43:11.000,2019-12-05 13:43:00,0,2019-12-05
2020-01-03 05:18:51.000,2020-01-03 05:18:00,0,2020-01-03
2020-01-29 22:26:46.289,2020-01-29 22:26:00,0,2020-01-29
2020-01-30 18:13:42.427,2020-01-30 18:13:00,0,2020-01-30
2020-02-17 06:33:29.106,2020-02-17 06:33:00,0,2020-02-17
2020-02-24 22:01:27.438,2020-02-24 22:01:00,0,2020-02-24
2020-02-26 20:47:21.661,2020-02-26 20:47:00,0,2020-02-26
2020-03-17 07:03:25.450,2020-03-17 07:03:00,0,2020-03-17
2020-03-19 05:09:07.754,2020-03-19 05:09:00,0,2020-03-19
2020-03-19 10:28:15.508,2020-03-19 10:28:00,0,2020-03-19
2020-03-21 02:55:02.826,2020-03-21 02:55:00,0,2020-03-21
2020-03-29 03:59:37.992,2020-03-29 03:59:00,0,2020-03-29
2020-03-29 06:29:45.163,2020-03-29 06:29:00,0,2020-03-29
2020-03-29 19:49:45.712,2020-03-29 19:49:00,0,2020-03-29
2020-03-30 14:19:33.768,2020-03-30 14:19:00,0,2020-03-30
2020-04-02 04:46:58.504,2020-04-02 04:46:00,0,2020-04-02
2020-04-04 14:27:57.141,2020-04-04 14:27:00,0,2020-04-04
2020-04-06 13:42:59.585,2020-04-06 13:42:00,0,2020-04-06
2020-04-06 19:44:36.410,2020-04-06 19:44:00,0,2020-04-06
2020-04-08 12:59:23.943,2020-04-08 12:59:00,0,2020-04-08
2020-04-11 06:33:57.589,2020-04-11 06:33:00,0,2020-04-11
2020-04-14 22:29:41.509,2020-04-14 22:29:00,0,2020-04-14
2020-04-15 09:08:05.356,2020-04-15 09:08:00,0,2020-04-15
2020-04-16 06:51:05.046,2020-04-16 06:51:00,0,2020-04-16
2020-04-18 15:27:45.208,2020-04-18 15:27:00,0,2020-04-18
2020-04-21 09:39:13.046,2020-04-21 09:39:00,0,2020-04-21
2020-04-21 12:26:25.178,2020-04-21 12:26:00,0,2020-04-21
2020-04-21 18:11:54.542,2020-04-21 18:11:00,0,2020-04-21
2020-04-22 05:36:20.456,2020-04-22 05:36:00,0,2020-04-22
2020-04-22 11:35:55.807,2020-04-22 11:35:00,0,2020-04-22
2020-04-23 19:01:22.326,2020-04-23 19:01:00,0,2020-04-23
2020-04-24 16:19:25.352,2020-04-24 16:19:00,0,2020-04-24
2020-04-27 09:29:24.803,2020-04-27 09:29:00,0,2020-04-27
2020-04-27 23:21:11.880,2020-04-27 23:21:00,0,2020-04-27
2020-04-29 03:19:55.362,2020-04-29 03:19:00,0,2020-04-29
2020-04-29 07:40:23.437,2020-04-29 07:40:00,0,2020-04-29
2020-04-30 22:08:52.681,2020-04-30 22:08:00,0,2020-04-30
2020-05-01 05:20:12.828,2020-05-01 05:20:00,0,2020-05-01
2020-05-01 14:06:30.081,2020-05-01 14:06:00,0,2020-05-01
2020-05-02 13:22:18.847,2020-05-02 13:22:00,0,2020-05-02
2020-05-04 22:45:13.670,2020-05-04 22:45:00,0,2020-05-04
2020-05-05 19:17:58.927,2020-05-05 19:17:00,0,2020-05-05
2020-05-06 16:40:20.089,2020-05-06 16:40:00,0,2020-05-06
2020-05-06 19:48:05.542,2020-05-06 19:48:00,0,2020-05-06
2020-05-06 22:24:11.337,2020-05-06 22:24:00,0,2020-05-06
2020-05-08 06:15:43.346,2020-05-08 06:15:00,0,2020-05-08
2020-05-08 09:43:59.072,2020-05-08 09:43:00,0,2020-05-08
2020-05-09 06:20:40.825,2020-05-09 06:20:00,0,2020-05-09
2020-05-10 00:25:40.264,2020-05-10 00:25:00,0,2020-05-10
2020-05-11 12:55:44.357,2020-05-11 12:55:00,0,2020-05-11
2020-05-13 12:09:25.550,2020-05-13 12:09:00,0,2020-05-13
2020-05-14 11:23:25.372,2020-05-14 11:23:00,0,2020-05-14
2020-05-14 20:30:33.621,2020-05-14 20:30:00,0,2020-05-14
2020-05-15 17:27:50.170,2020-05-15 17:27:00,0,2020-05-15
2020-05-19 06:43:36.338,2020-05-19 06:43:00,0,2020-05-19
2020-05-20 04:18:00.841,2020-05-20 04:18:00,0,2020-05-20
2020-05-21 06:02:25.433,2020-05-21 06:02:00,0,2020-05-21
2020-05-21 11:36:25.672,2020-05-21 11:36:00,0,2020-05-21
2020-05-23 23:58:58.643,2020-05-23 23:58:00,0,2020-05-23
2020-05-24 12:07:24.429,2020-05-24 12:07:00,0,2020-05-24
2020-05-25 09:25:52.157,2020-05-25 09:25:00,0,2020-05-25
2020-05-26 06:30:27.955,2020-05-26 06:30:00,0,2020-05-26
2020-05-26 23:12:12.337,2020-05-26 23:12:00,0,2020-05-26
2020-05-27 21:20:32.183,2020-05-27 21:20:00,0,2020-05-27
2020-05-28 20:21:35.842,2020-05-28 20:21:00,0,2020-05-28
2020-05-29 00:43:22.352,2020-05-29 00:43:00,0,2020-05-29
2020-06-01 23:00:57.331,2020-06-01 23:00:00,0,2020-06-01
2020-06-02 22:33:11.149,2020-06-02 22:33:00,0,2020-06-02
2020-06-05 05:45:44.053,2020-06-05 05:45:00,0,2020-06-05
2020-06-11 10:44:59.053,2020-06-11 10:44:00,0,2020-06-11
2020-06-18 03:15:37.516,2020-06-18 03:15:00,0,2020-06-18
2020-06-19 14:36:10.715,2020-06-19 14:36:00,0,2020-06-19
2020-06-19 20:41:22.799,2020-06-19 20:41:00,0,2020-06-19
2020-06-20 17:54:27.007,2020-06-20 17:54:00,0,2020-06-20
2020-07-23 09:42:45.703,2020-07-23 09:42:00,0,2020-07-23
2020-07-24 19:53:52.220,2020-07-24 19:53:00,0,2020-07-24
2020-07-30 17:49:32.741,2020-07-30 17:49:00,0,2020-07-30
2020-08-01 00:19:54.414,2020-08-01 00:19:00,0,2020-08-01
2020-08-01 13:24:57.704,2020-08-01 13:24:00,0,2020-08-01
2020-08-01 14:26:33.541,2020-08-01 14:26:00,0,2020-08-01
2020-08-02 07:22:58.852,2020-08-02 07:22:00,0,2020-08-02
2020-08-03 10:57:18.948,2020-08-03 10:57:00,0,2020-08-03
2020-08-06 06:35:03.928,2020-08-06 06:35:00,0,2020-08-06
2020-08-08 16:12:53.915,2020-08-08 16:12:00,0,2020-08-08
2020-08-10 08:19:21.384,2020-08-10 08:19:00,0,2020-08-10
2020-08-11 05:58:22.181,2020-08-11 05:58:00,0,2020-08-11
2020-08-12 03:55:23.430,2020-08-12 03:55:00,0,2020-08-12
2020-08-13 19:54:01.974,2020-08-13 19:54:00,0,2020-08-13
2020-08-15 16:09:43.695,2020-08-15 16:09:00,0,2020-08-15
2020-08-16 10:49:39.927,2020-08-16 10:49:00,0,2020-08-16
2020-08-16 15:31:47.307,2020-08-16 15:31:00,0,2020-08-16
2020-08-17 19:42:12.429,2020-08-17 19:42:00,0,2020-08-17
2020-08-19 16:30:58.454,2020-08-19 16:30:00,0,2020-08-19
2020-08-20 12:23:21.651,2020-08-20 12:23:00,0,2020-08-20
2020-08-21 00:33:36.516,2020-08-21 00:33:00,0,2020-08-21
2020-08-21 04:49:01.742,2020-08-21 04:49:00,0,2020-08-21
2020-08-22 09:44:52.205,2020-08-22 09:44:00,0,2020-08-22
2020-08-22 16:46:49.350,2020-08-22 16:46:00,0,2020-08-22
2020-08-22 18:53:12.352,2020-08-22 18:53:00,0,2020-08-22
2020-08-23 11:56:33.968,2020-08-23 11:56:00,0,2020-08-23
2020-08-24 00:04:00.799,2020-08-24 00:04:00,0,2020-08-24
2020-08-25 05:08:26.613,2020-08-25 05:08:00,0,2020-08-25
2020-08-25 21:01:19.235,2020-08-25 21:01:00,0,2020-08-25
2020-08-26 05:31:43.737,2020-08-26 05:31:00,0,2020-08-26
2020-08-26 08:22:08.772,2020-08-26 08:22:00,0,2020-08-26
2020-08-28 00:02:31.542,2020-08-28 00:02:00,0,2020-08-28
2020-08-29 01:39:34.054,2020-08-29 01:39:00,0,2020-08-29
2020-08-30 06:12:59.946,2020-08-30 06:12:00,0,2020-08-30
2020-08-31 00:19:24.081,2020-08-31 00:19:00,0,2020-08-31
2020-09-01 15:14:34.555,2020-09-01 15:14:00,0,2020-09-01
2020-09-06 14:16:32.806,2020-09-06 14:16:00,0,2020-09-06
2020-09-07 13:50:09.953,2020-09-07 13:50:00,0,2020-09-07
2020-09-08 11:57:51.384,2020-09-08 11:57:00,0,2020-09-08
2020-09-08 16:06:04.074,2020-09-08 16:06:00,0,2020-09-08
2020-09-09 22:13:26.642,2020-09-09 22:13:00,0,2020-09-09
2020-09-11 03:15:49.812,2020-09-11 03:15:00,0,2020-09-11
2020-09-16 16:48:48.160,2020-09-16 16:48:00,0,2020-09-16
2020-09-17 12:30:45.237,2020-09-17 12:30:00,0,2020-09-17
2020-09-19 20:21:51.109,2020-09-19 20:21:00,0,2020-09-19
2020-09-20 13:19:15.375,2020-09-20 13:19:00,0,2020-09-20
2020-09-21 00:29:02.556,2020-09-21 00:29:00,0,2020-09-21
2020-09-22 16:54:02.492,2020-09-22 16:54:00,0,2020-09-22
2020-09-23 10:23:54.219,2020-09-23 10:23:00,0,2020-09-23
2020-09-24 17:30:59.859,2020-09-24 17:30:00,0,2020-09-24
2020-09-26 10:57:01.479,2020-09-26 10:57:00,0,2020-09-26
2020-09-27 06:37:34.351,2020-09-27 06:37:00,0,2020-09-27
2020-09-28 04:54:16.470,2020-09-28 04:54:00,0,2020-09-28
2020-10-01 03:28:08.935,2020-10-01 03:28:00,0,2020-10-01
2020-10-01 21:54:16.338,2020-10-01 21:54:00,0,2020-10-01
2020-10-02 11:38:52.326,2020-10-02 11:38:00,0,2020-10-02
2020-10-03 16:57:05.597,2020-10-03 16:57:00,0,2020-10-03
2020-10-03 21:42:41.371,2020-10-03 21:42:00,0,2020-10-03
2020-10-07 00:12:19.675,2020-10-07 00:12:00,0,2020-10-07
2020-10-08 11:10:00.459,2020-10-08 11:10:00,0,2020-10-08
2020-10-10 00:56:35.120,2020-10-10 00:56:00,0,2020-10-10
2020-10-11 02:58:39.252,2020-10-11 02:58:00,0,2020-10-11
2020-10-11 23:46:04.350,2020-10-11 23:46:00,0,2020-10-11
2020-10-13 04:24:01.561,2020-10-13 04:24:00,0,2020-10-13
2020-10-13 06:02:18.203,2020-10-13 06:02:00,0,2020-10-13
2020-10-13 16:52:25.544,2020-10-13 16:52:00,0,2020-10-13
2020-10-16 04:31:28.082,2020-10-16 04:31:00,0,2020-10-16
2020-10-16 13:56:33.889,2020-10-16 13:56:00,0,2020-10-16
2020-10-19 04:51:48.281,2020-10-19 04:51:00,0,2020-10-19
2020-10-19 20:53:13.726,2020-10-19 20:53:00,0,2020-10-19
2020-10-21 04:01:15.599,2020-10-21 04:01:00,0,2020-10-21
2020-10-21 06:37:32.405,2020-10-21 06:37:00,0,2020-10-21
2020-10-23 16:21:47.730,2020-10-23 16:21:00,0,2020-10-23
2020-10-24 14:06:57.318,2020-10-24 14:06:00,0,2020-10-24
2020-10-26 08:09:31.838,2020-10-26 08:09:00,0,2020-10-26
2020-10-27 23:37:13.610,2020-10-27 23:37:00,0,2020-10-27
2020-10-28 02:26:55.823,2020-10-28 02:26:00,0,2020-10-28
2020-11-01 07:25:14.413,2020-11-01 07:25:00,0,2020-11-01
2020-11-01 09:24:50.309,2020-11-01 09:24:00,0,2020-11-01
2020-11-02 09:46:37.882,2020-11-02 09:46:00,0,2020-11-02
2020-11-09 05:56:31.017,2020-11-09 05:56:00,0,2020-11-09
2020-11-13 06:55:08.072,2020-11-13 06:55:00,0,2020-11-13
2020-11-16 08:11:27.957,2020-11-16 08:11:00,0,2020-11-16
2020-11-19 21:05:38.532,2020-11-19 21:05:00,0,2020-11-19
2020-11-20 04:59:28.528,2020-11-20 04:59:00,0,2020-11-20
2020-11-21 00:46:20.402,2020-11-21 00:46:00,0,2020-11-21
2020-11-22 09:25:59.012,2020-11-22 09:25:00,0,2020-11-22
2020-11-23 15:50:35.000,2020-11-23 15:50:00,0,2020-11-23
2020-11-23 15:51:44.959,2020-11-23 15:51:00,0,2020-11-23
2020-11-23 15:52:30.369,2020-11-23 15:52:00,0,2020-11-23
2020-11-24 14:28:27.740,2020-11-24 14:28:00,0,2020-11-24
2020-11-28 22:12:47.411,2020-11-28 22:12:00,0,2020-11-28
2020-11-29 14:28:33.410,2020-11-29 14:28:00,0,2020-11-29
2020-12-13 14:10:15.489,2020-12-13 14:10:00,0,2020-12-13
2020-12-13 14:15:36.227,2020-12-13 14:15:00,0,2020-12-13
2021-05-29 16:16:29.258,2021-05-29 16:16:00,0,2021-05-29
2021-05-30 05:00:01.046,2021-05-30 05:00:00,0,2021-05-30
2021-06-01 11:34:21.454,2021-06-01 11:34:00,0,2021-06-01
2021-06-06 17:31:25.991,2021-06-06 17:31:00,0,2021-06-06
2021-06-15 14:01:32.525,2021-06-15 14:01:00,0,2021-06-15
2021-06-28 11:42:04.132,2021-06-28 11:42:00,0,2021-06-28
2021-07-01 14:17:18.530,2021-07-01 14:17:00,0,2021-07-01
2021-07-04 22:29:30.450,2021-07-04 22:29:00,0,2021-07-04
2021-07-04 22:35:21.400,2021-07-04 22:35:00,0,2021-07-04
2021-07-12 20:27:38.397,2021-07-12 20:27:00,0,2021-07-12
2021-07-31 17:34:29.119,2021-07-31 17:34:00,0,2021-07-31
2021-08-12 16:49:17.596,2021-08-12 16:47:00,2,2021-08-12
2021-08-13 13:03:16.148,2021-08-13 13:03:00,0,2021-08-13
2021-08-15 03:56:55.318,2021-08-15 03:54:00,2,2021-08-15
2021-08-27 01:15:12.828,2021-08-27 01:15:00,0,2021-08-27
2021-08-27 02:48:56.499,2021-08-27 02:48:00,0,2021-08-27
2021-08-27 02:53:52.702,2021-08-27 02:53:00,0,2021-08-27
2021-08-27 20:46:43.719,2021-08-27 20:45:00,1,2021-08-27
2021-09-02 04:04:49.823,2021-09-02 04:04:00,0,2021-09-02
2021-09-29 06:25:20.722,2021-09-29 06:25:00,0,2021-09-29
2021-10-13 13:51:17.077,2021-10-13 13:51:00,0,2021-10-13
2021-10-21 20:12:54.111,2021-10-21 20:12:00,0,2021-10-21
2021-12-25 16:16:05.732,2021-12-25 16:14:00,2,2021-12-25
2021-12-28 20:01:47.429,2021-12-28 20:01:00,0,2021-12-28
2021-12-28 22:31:13.731,2021-12-28 22:29:00,2,2021-12-28
2022-01-01 20:37:47.500,2022-01-01 20:37:00,0,2022-01-01
2022-01-03 08:18:55.797,2022-01-03 08:14:00,4,2022-01-03
2022-01-04 10:31:49.824,2022-01-04 10:31:00,0,2022-01-04
2022-01-05 03:41:55.971,2022-01-05 03:41:00,0,2022-01-05
2022-01-05 13:47:36.888,2022-01-05 13:47:00,0,2022-01-05
2022-01-06 00:33:27.603,2022-01-06 00:33:00,0,2022-01-06
2022-01-11 00:55:28.464,2022-01-11 00:55:00,0,2022-01-11
2022-01-13 06:24:16.648,2022-01-13 06:23:00,1,2022-01-13
2022-01-15 17:51:38.457,2022-01-15 17:51:00,0,2022-01-15
2022-01-18 18:43:38.188,2022-01-18 18:43:00,0,2022-01-18
2022-01-19 09:28:42.305,2022-01-19 09:28:00,0,2022-01-19
2022-01-21 04:27:22.874,2022-01-21 04:27:00,0,2022-01-21
2022-01-23 08:24:45.682,2022-01-23 08:24:00,0,2022-01-23
2022-01-25 17:39:18.265,2022-01-25 17:34:00,5,2022-01-25
2022-01-27 13:16:49.258,2022-01-27 13:16:00,0,2022-01-27
2022-01-28 04:51:25.020,2022-01-28 04:51:00,0,2022-01-28
2022-01-30 19:07:26.807,2022-01-30 19:07:00,0,2022-01-30
2022-01-30 19:08:00.000,2022-01-30 19:07:00,1,2022-01-30
2022-02-01 10:48:21.403,2022-02-01 10:45:00,3,2022-02-01
2022-02-03 00:54:22.221,2022-02-03 00:54:00,0,2022-02-03
2022-03-15 15:56:59.848,2022-03-15 15:56:00,0,2022-03-15
2022-03-18 03:11:34.815,2022-03-18 03:11:00,0,2022-03-18
2022-03-19 10:08:08.387,2022-03-19 09:49:00,19,2022-03-19
2022-03-20 20:02:14.645,2022-03-20 20:02:00,0,2022-03-20
2022-03-22 09:49:48.738,2022-03-22 09:47:00,2,2022-03-22
2022-03-23 07:40:13.532,2022-03-23 07:39:00,1,2022-03-23
2022-03-23 19:39:31.238,2022-03-23 19:36:00,3,2022-03-23
2022-03-24 04:45:17.728,2022-03-24 04:45:00,0,2022-03-24
2022-03-25 07:33:57.132,2022-03-25 07:33:00,0,2022-03-25
2022-03-27 00:50:56.669,2022-03-27 00:48:00,2,2022-03-27
2022-04-04 16:42:52.695,2022-04-04 16:42:00,0,2022-04-04
2022-04-06 07:36:09.350,2022-04-06 07:34:00,2,2022-04-06
2022-04-07 17:41:05.000,2022-04-07 17:41:00,0,2022-04-07
2022-04-07 19:22:47.000,2022-04-07 19:21:00,1,2022-04-07
2022-04-25 12:18:11.550,2022-04-25 12:17:00,1,2022-04-25
2022-04-26 07:56:35.750,2022-04-26 07:56:00,0,2022-04-26
2022-04-28 20:05:01.847,2022-04-28 20:05:00,0,2022-04-28
2022-05-02 05:27:58.025,2022-05-02 05:27:00,0,2022-05-02
2022-05-02 08:39:38.915,2022-05-02 08:39:00,0,2022-05-02
2022-05-03 02:14:14.133,2022-05-03 02:14:00,0,2022-05-03
2022-05-03 06:23:07.993,2022-05-03 06:23:00,0,2022-05-03
2022-05-03 12:18:53.337,2022-05-03 12:18:00,0,2022-05-03
2022-05-03 12:29:34.427,2022-05-03 12:29:00,0,2022-05-03
2022-05-03 23:50:59.494,2022-05-03 23:50:00,0,2022-05-03
2022-05-04 07:06:21.265,2022-05-04 07:06:00,0,2022-05-04
2022-05-04 21:06:36.350,2022-05-04 21:06:00,0,2022-05-04
2022-05-04 22:38:41.282,2022-05-04 22:38:00,0,2022-05-04
2022-05-05 06:48:47.872,2022-05-05 06:48:00,0,2022-05-05
2022-05-05 07:29:07.997,2022-05-05 07:29:00,0,2022-05-05
2022-05-05 13:26:11.874,2022-05-05 13:26:00,0,2022-05-05
2022-05-05 23:04:58.730,2022-05-05 23:04:00,0,2022-05-05
2022-05-06 00:23:58.591,2022-05-06 00:23:00,0,2022-05-06
2022-05-06 03:21:55.885,2022-05-06 03:21:00,0,2022-05-06
2022-05-06 06:36:30.294,2022-05-06 06:36:00,0,2022-05-06
2022-05-06 06:46:21.400,2022-05-06 06:46:00,0,2022-05-06
2022-05-06 20:36:53.333,2022-05-06 20:36:00,0,2022-05-06
2022-05-06 22:49:40.123,2022-05-06 22:49:00,0,2022-05-06
2022-05-07 04:36:41.174,2022-05-07 04:35:00,1,2022-05-07
2022-05-07 06:02:53.511,2022-05-07 06:02:00,0,2022-05-07
2022-05-07 08:12:05.145,2022-05-07 08:10:00,2,2022-05-07
2022-05-07 15:35:09.070,2022-05-07 15:35:00,0,2022-05-07
2022-05-07 18:14:23.446,2022-05-07 18:14:00,0,2022-05-07
2022-05-08 01:59:09.093,2022-05-08 01:59:00,0,2022-05-08
2022-05-08 09:33:30.020,2022-05-08 09:33:00,0,2022-05-08
2022-05-08 15:11:36.307,2022-05-08 15:11:00,0,2022-05-08
2022-05-10 00:18:01.407,2022-05-10 00:16:00,2,2022-05-10
2022-05-10 10:18:02.167,2022-05-10 10:17:00,1,2022-05-10
2022-05-10 13:38:18.817,2022-05-10 13:35:00,3,2022-05-10
2022-05-11 05:28:07.199,2022-05-11 05:28:00,0,2022-05-11
2022-05-11 06:08:50.641,2022-05-11 06:08:00,0,2022-05-11
2022-05-12 00:06:44.853,2022-05-11 23:58:00,8,2022-05-12
2022-05-12 02:27:31.735,2022-05-12 02:27:00,0,2022-05-12
2022-05-12 09:37:20.573,2022-05-12 09:37:00,0,2022-05-12
2022-05-12 16:39:55.886,2022-05-12 16:35:00,4,2022-05-12
2022-05-17 06:16:25.448,2022-05-17 06:16:00,0,2022-05-17
2022-05-18 18:33:47.809,2022-05-18 18:33:00,0,2022-05-18
2022-05-18 19:44:09.334,2022-05-18 19:42:00,2,2022-05-18
2022-05-18 23:11:58.600,2022-05-18 23:11:00,0,2022-05-18
2022-05-19 02:09:12.915,2022-05-19 02:08:00,1,2022-05-19
2022-05-20 07:58:22.743,2022-05-20 07:58:00,0,2022-05-20
2022-05-21 08:54:23.618,2022-05-21 08:53:00,1,2022-05-21
2022-05-21 10:46:09.294,2022-05-21 10:46:00,0,2022-05-21
2022-05-24 08:24:03.662,2022-05-24 08:24:00,0,2022-05-24
2022-05-24 08:59:13.788,2022-05-24 08:57:00,2,2022-05-24
2022-05-24 14:17:12.000,2022-05-24 14:17:00,0,2022-05-24
2022-05-25 23:31:33.998,2022-05-25 23:30:00,1,2022-05-25
2022-05-27 00:32:00.183,2022-05-27 00:32:00,0,2022-05-27
2022-05-27 00:50:23.982,2022-05-27 00:50:00,0,2022-05-27
2022-05-27 01:45:27.667,2022-05-27 01:44:00,1,2022-05-27
2022-05-27 08:49:34.655,2022-05-27 08:49:00,0,2022-05-27
2022-05-27 13:04:09.597,2022-05-27 13:04:00,0,2022-05-27
2022-05-27 23:37:03.084,2022-05-27 23:37:00,0,2022-05-27
2022-05-28 00:48:35.800,2022-05-28 00:45:00,3,2022-05-28
2022-05-28 02:33:14.258,2022-05-28 02:31:00,2,2022-05-28
2022-05-28 02:58:23.408,2022-05-28 02:55:00,3,2022-05-28
2022-05-28 03:47:18.891,2022-05-28 03:47:00,0,2022-05-28
2022-05-28 07:25:36.534,2022-05-28 07:25:00,0,2022-05-28
2022-05-28 09:13:24.360,2022-05-28 09:13:00,0,2022-05-28
2022-06-01 00:33:00.000,2022-06-01 00:31:00,2,2022-06-01
2022-06-02 21:58:32.305,2022-06-02 21:58:00,0,2022-06-02
2022-06-03 19:03:10.539,2022-06-03 19:01:00,2,2022-06-03
2022-06-04 02:23:41.800,2022-06-04 02:23:00,0,2022-06-04
2022-06-04 03:34:50.694,2022-06-04 03:34:00,0,2022-06-04
2022-06-04 05:36:29.560,2022-06-04 05:36:00,0,2022-06-04
2022-06-04 07:57:55.584,2022-06-04 07:56:00,1,2022-06-04
2022-06-04 08:44:00.942,2022-06-04 08:43:00,1,2022-06-04
2022-06-04 10:17:13.841,2022-06-04 10:17:00,0,2022-06-04
2022-06-04 11:12:26.200,2022-06-04 11:09:00,3,2022-06-04
2022-06-04 12:26:37.214,2022-06-04 12:23:00,3,2022-06-04
2022-06-04 13:20:57.880,2022-06-04 13:20:00,0,2022-06-04
2022-06-04 14:42:25.180,2022-06-04 14:42:00,0,2022-06-04
2022-06-04 19:21:17.015,2022-06-04 19:20:00,1,2022-06-04
2022-06-04 21:26:14.431,2022-06-04 21:25:00,1,2022-06-04
2022-06-05 00:26:03.187,2022-06-05 00:26:00,0,2022-06-05
2022-06-05 01:29:05.049,2022-06-05 01:27:00,2,2022-06-05
2022-06-05 01:33:42.960,2022-06-05 01:32:00,1,2022-06-05
2022-06-05 07:35:00.499,2022-06-05 07:33:00,2,2022-06-05
2022-06-05 10:03:08.083,2022-06-05 10:02:00,1,2022-06-05
2022-06-05 18:58:35.983,2022-06-05 18:58:00,0,2022-06-05
2022-06-05 22:32:34.319,2022-06-05 22:28:00,4,2022-06-05
2022-06-06 07:54:23.518,2022-06-06 07:52:00,2,2022-06-06
2022-06-06 08:13:32.912,2022-06-06 08:13:00,0,2022-06-06
2022-06-06 14:04:05.466,2022-06-06 14:02:00,2,2022-06-06
2022-06-09 00:22:07.831,2022-06-09 00:22:00,0,2022-06-09
2022-06-09 01:16:51.467,2022-06-09 01:13:00,3,2022-06-09
2022-06-09 14:28:12.871,2022-06-09 14:28:00,0,2022-06-09
2022-06-09 18:49:45.099,2022-06-09 18:48:00,1,2022-06-09
2022-06-10 22:52:00.285,2022-06-10 22:52:00,0,2022-06-10
2022-06-11 23:58:49.842,2022-06-11 23:58:00,0,2022-06-11
2022-06-12 17:54:28.263,2022-06-12 17:53:00,1,2022-06-12
2022-06-12 20:14:38.856,2022-06-12 20:14:00,0,2022-06-12
2022-06-13 02:21:24.922,2022-06-13 02:21:00,0,2022-06-13
2022-06-13 08:49:08.070,2022-06-13 08:49:00,0,2022-06-13
2022-06-13 12:47:25.027,2022-06-13 12:47:00,0,2022-06-13
2022-06-13 18:42:58.728,2022-06-13 18:42:00,0,2022-06-13
2022-06-13 22:02:02.167,2022-06-13 22:02:00,0,2022-06-13
2022-06-14 04:31:45.148,2022-06-14 04:31:00,0,2022-06-14
2022-06-14 05:04:44.132,2022-06-14 05:04:00,0,2022-06-14
2022-06-14 10:47:37.495,2022-06-14 10:47:00,0,2022-06-14
2022-06-15 00:25:33.842,2022-06-15 00:25:00,0,2022-06-15
2022-06-15 05:02:32.880,2022-06-15 05:02:00,0,2022-06-15
2022-06-15 07:09:16.748,2022-06-15 07:09:00,0,2022-06-15
2022-06-15 07:36:45.803,2022-06-15 07:36:00,0,2022-06-15
2022-06-15 10:00:08.508,2022-06-15 10:00:00,0,2022-06-15
2022-06-15 10:14:31.506,2022-06-15 10:14:00,0,2022-06-15
2022-06-15 10:55:47.894,2022-06-15 10:55:00,0,2022-06-15
2022-06-27 14:58:41.041,2022-06-27 14:57:00,1,2022-06-27
2022-07-09 03:57:09.500,2022-07-09 03:57:00,0,2022-07-09
2022-07-22 07:40:14.000,2022-07-22 07:40:00,0,2022-07-22
2022-07-27 00:59:39.978,2022-07-27 00:58:00,1,2022-07-27
2022-07-27 08:55:13.486,2022-07-27 08:55:00,0,2022-07-27
2022-07-27 23:19:37.681,2022-07-27 23:16:00,3,2022-07-27
2022-07-28 13:18:25.903,2022-07-28 13:18:00,0,2022-07-28
2022-07-28 13:19:53.160,2022-07-28 13:19:00,0,2022-07-28
2022-07-29 07:29:44.102,2022-07-29 07:29:00,0,2022-07-29
2022-07-29 07:31:22.841,2022-07-29 07:29:00,2,2022-07-29
2022-07-29 23:46:26.498,2022-07-29 23:45:00,1,2022-07-29
2022-08-05 07:09:40.528,2022-08-05 07:08:00,1,2022-08-05
2022-08-09 11:53:50.000,2022-08-09 11:53:00,0,2022-08-09
2022-08-13 23:49:59.408,2022-08-13 23:46:00,3,2022-08-13
2022-08-13 23:50:57.069,2022-08-13 23:50:00,0,2022-08-13
2022-08-15 16:44:57.969,2022-08-15 16:44:00,0,2022-08-15
2022-08-15 21:07:20.206,2022-08-15 21:07:00,0,2022-08-15
2022-08-16 06:32:50.929,2022-08-16 06:32:00,0,2022-08-16
2022-08-16 11:11:41.618,2022-08-16 11:11:00,0,2022-08-16
2022-08-16 11:13:00.049,2022-08-16 11:13:00,0,2022-08-16
2022-08-22 20:27:34.686,2022-08-22 20:27:00,0,2022-08-22
2022-08-29 05:19:22.544,2022-08-29 05:19:00,0,2022-08-29
2022-08-29 06:06:40.699,2022-08-29 06:04:00,2,2022-08-29
2022-08-29 06:44:54.988,2022-08-29 06:44:00,0,2022-08-29
2022-08-29 09:50:50.426,2022-08-29 09:50:00,0,2022-08-29
2022-09-02 01:01:26.514,2022-09-02 01:01:00,0,2022-09-02
2022-09-05 08:33:14.206,2022-09-05 08:33:00,0,2022-09-05
2022-09-05 08:34:25.645,2022-09-05 08:34:00,0,2022-09-05
2022-09-07 03:05:24.837,2022-09-07 03:05:00,0,2022-09-07
2022-09-08 21:09:11.750,2022-09-08 21:09:00,0,2022-09-08
2022-09-10 12:37:49.203,2022-09-10 12:36:00,1,2022-09-10
2022-09-14 07:48:40.741,2022-09-14 07:48:00,0,2022-09-14
2022-09-17 08:19:42.569,2022-09-17 08:19:00,0,2022-09-17
2022-09-17 15:04:53.200,2022-09-17 15:03:00,1,2022-09-17
2022-09-24 09:37:26.627,2022-09-24 09:36:00,1,2022-09-24
2022-10-01 16:27:24.986,2022-10-01 16:27:00,0,2022-10-01
2022-10-02 22:19:33.133,2022-10-02 22:19:00,0,2022-10-02
2022-10-03 21:25:27.023,2022-10-02 23:59:00,1286,2022-10-03
2022-10-05 01:23:47.884,2022-10-05 01:23:00,0,2022-10-05
2022-10-09 00:56:27.037,2022-10-09 00:56:00,0,2022-10-09
2022-10-09 15:39:52.550,2022-10-09 15:39:00,0,2022-10-09
2022-10-20 13:26:26.963,2022-10-20 13:26:00,0,2022-10-20
2022-10-21 20:18:09.316,2022-10-21 20:18:00,0,2022-10-21
2022-10-22 06:10:17.778,2022-10-22 06:10:00,0,2022-10-22
2022-10-23 15:43:17.480,2022-10-23 15:43:00,0,2022-10-23
2022-11-19 08:40:53.944,2022-11-19 08:40:00,0,2022-11-19
2022-11-19 20:03:11.360,2022-11-19 20:03:00,0,2022-11-19
2022-11-22 13:53:46.399,2022-11-22 13:53:00,0,2022-11-22
2022-11-24 13:59:02.472,2022-11-24 13:59:00,0,2022-11-24
2022-11-25 20:32:03.238,2022-11-25 20:32:00,0,2022-11-25
2022-11-26 14:31:33.387,2022-11-26 14:31:00,0,2022-11-26
2022-11-27 04:35:57.880,2022-11-27 04:35:00,0,2022-11-27
2022-11-27 18:24:42.572,2022-11-27 18:24:00,0,2022-11-27
2022-11-27 20:18:34.152,2022-11-27 20:18:00,0,2022-11-27
2022-11-27 20:56:50.226,2022-11-27 20:56:00,0,2022-11-27
2022-11-28 01:33:37.979,2022-11-28 01:33:00,0,2022-11-28
2022-11-28 08:43:06.299,2022-11-28 08:43:00,0,2022-11-28
2022-11-30 03:59:35.683,2022-11-30 03:59:00,0,2022-11-30
2022-11-30 12:35:43.337,2022-11-30 12:35:00,0,2022-11-30
2022-11-30 14:58:58.645,2022-11-30 14:58:00,0,2022-11-30
2022-11-30 19:35:31.090,2022-11-30 19:35:00,0,2022-11-30
2022-12-03 23:21:00.060,2022-12-03 23:21:00,0,2022-12-03
2022-12-06 11:24:28.812,2022-12-06 11:23:00,1,2022-12-06
2022-12-06 20:47:48.223,2022-12-06 20:47:00,0,2022-12-06
2022-12-07 09:48:56.979,2022-12-07 09:48:00,0,2022-12-07
2022-12-11 07:13:36.349,2022-12-11 07:12:00,1,2022-12-11
2022-12-11 18:08:04.842,2022-12-11 18:08:00,0,2022-12-11
2022-12-11 22:25:26.740,2022-12-11 22:22:00,3,2022-12-11
2022-12-12 20:41:01.278,2022-12-12 20:37:00,4,2022-12-12
2022-12-13 11:44:41.796,2022-12-13 11:33:00,11,2022-12-13
2022-12-14 14:29:04.322,2022-12-14 14:29:00,0,2022-12-14
2022-12-15 14:15:07.707,2022-12-15 14:14:00,1,2022-12-15
2022-12-15 20:33:54.750,2022-12-15 20:31:00,2,2022-12-15
2022-12-16 09:13:59.972,2022-12-16 09:13:00,0,2022-12-16
2022-12-16 11:13:09.322,2022-12-16 11:12:00,1,2022-12-16
2022-12-17 02:41:52.176,2022-12-17 02:41:00,0,2022-12-17
2022-12-18 01:57:42.713,2022-12-18 01:57:00,0,2022-12-18
2022-12-18 18:20:36.185,2022-12-18 18:20:00,0,2022-12-18
2022-12-19 08:28:29.658,2022-12-19 08:28:00,0,2022-12-19
2022-12-19 22:00:00.176,2022-12-19 22:00:00,0,2022-12-19
2022-12-20 04:40:23.448,2022-12-20 04:39:00,1,2022-12-20
2022-12-20 07:19:16.938,2022-12-20 07:19:00,0,2022-12-20
2022-12-21 02:43:12.082,2022-12-21 02:43:00,0,2022-12-21
2022-12-21 04:55:13.344,2022-12-21 04:55:00,0,2022-12-21
2022-12-21 07:11:24.172,2022-12-21 07:11:00,0,2022-12-21
2022-12-22 03:28:21.289,2022-12-22 03:28:00,0,2022-12-22
2022-12-22 11:00:50.283,2022-12-22 11:00:00,0,2022-12-22
2022-12-22 12:50:37.228,2022-12-22 12:50:00,0,2022-12-22
2022-12-23 11:17:22.541,2022-12-23 11:17:00,0,2022-12-23
2022-12-23 11:59:49.413,2022-12-23 11:59:00,0,2022-12-23
2022-12-23 16:51:17.645,2022-12-23 16:51:00,0,2022-12-23
2022-12-23 18:29:57.956,2022-12-23 18:29:00,0,2022-12-23
2022-12-23 23:50:16.722,2022-12-23 23:50:00,0,2022-12-23
2022-12-24 15:12:47.347,2022-12-24 15:11:00,1,2022-12-24
2022-12-25 16:04:04.972,2022-12-25 16:03:00,1,2022-12-25
2022-12-26 09:10:23.848,2022-12-26 09:10:00,0,2022-12-26
2022-12-26 15:10:04.972,2022-12-26 15:10:00,0,2022-12-26
2022-12-28 04:45:42.125,2022-12-28 04:45:00,0,2022-12-28
2022-12-29 15:23:12.805,2022-12-29 15:22:00,1,2022-12-29
2022-12-29 17:45:08.236,2022-12-29 17:44:00,1,2022-12-29
2022-12-30 08:57:47.347,2022-12-30 08:57:00,0,2022-12-30
2022-12-31 07:13:51.264,2022-12-31 07:13:00,0,2022-12-31
2022-12-31 11:03:42.125,2022-12-31 10:57:00,6,2022-12-31
2022-12-31 18:51:40.819,2022-12-31 18:49:00,2,2022-12-31
2023-01-02 02:17:24.259,2023-01-02 02:17:00,0,2023-01-02
2023-01-02 04:28:46.368,2023-01-02 04:27:00,1,2023-01-02
2023-01-03 10:46:22.419,2023-01-03 10:45:00,1,2023-01-03
2023-01-03 17:52:19.466,2023-01-03 17:52:00,0,2023-01-03
2023-01-04 02:08:00.741,2023-01-04 02:08:00,0,2023-01-04
2023-01-04 08:53:25.021,2023-01-04 08:53:00,0,2023-01-04
2023-01-05 04:04:08.905,2023-01-05 04:04:00,0,2023-01-05
2023-01-06 14:19:38.534,2023-01-06 14:19:00,0,2023-01-06
2023-01-07 01:04:16.794,2023-01-07 01:03:00,1,2023-01-07
2023-01-07 21:33:34.387,2023-01-07 21:33:00,0,2023-01-07
2023-01-08 11:37:14.823,2023-01-08 11:37:00,0,2023-01-08
2023-01-08 11:44:49.720,2023-01-08 11:44:00,0,2023-01-08
2023-01-08 14:29:35.036,2023-01-08 14:29:00,0,2023-01-08
2023-01-08 23:12:42.332,2023-01-08 23:12:00,0,2023-01-08
2023-01-21 12:53:49.400,2023-01-21 12:53:00,0,2023-01-21
2023-01-23 22:16:26.962,2023-01-23 22:16:00,0,2023-01-23
2023-02-06 15:05:00.000,2023-02-06 15:02:00,3,2023-02-06
2023-02-15 23:50:08.975,2023-02-15 23:50:00,0,2023-02-15
2023-02-17 07:13:27.902,2023-02-17 07:13:00,0,2023-02-17
2023-02-22 03:24:00.798,2023-02-22 03:24:00,0,2023-02-22
2023-02-25 22:07:38.337,2023-02-25 22:07:00,0,2023-02-25
2023-02-27 12:03:58.534,2023-02-27 12:03:00,0,2023-02-27
2023-02-27 15:11:03.838,2023-02-27 15:11:00,0,2023-02-27
2023-02-27 22:23:00.257,2023-02-27 22:21:00,2,2023-02-27
2023-02-28 08:42:47.943,2023-02-28 08:42:00,0,2023-02-28
2023-03-01 04:48:12.694,2023-03-01 04:48:00,0,2023-03-01
2023-03-01 23:41:16.380,2023-03-01 23:41:00,0,2023-03-01
2023-03-02 12:51:45.641,2023-03-02 12:51:00,0,2023-03-02
2023-03-02 14:07:08.717,2023-03-02 14:05:00,2,2023-03-02
2023-03-03 16:46:02.150,2023-03-03 16:46:00,0,2023-03-03
2023-03-04 16:13:11.098,2023-03-04 16:13:00,0,2023-03-04
2023-03-05 21:26:41.989,2023-03-05 21:26:00,0,2023-03-05
2023-03-06 08:25:05.595,2023-03-06 08:25:00,0,2023-03-06
2023-03-06 15:36:58.706,2023-03-06 15:36:00,0,2023-03-06
2023-03-07 11:26:38.040,2023-03-07 11:26:00,0,2023-03-07
2023-03-07 22:36:32.299,2023-03-07 22:34:00,2,2023-03-07
2023-03-08 03:36:38.295,2023-03-08 03:36:00,0,2023-03-08
2023-03-08 05:07:04.446,2023-03-08 05:07:00,0,2023-03-08
2023-03-09 07:20:58.111,2023-03-09 07:20:00,0,2023-03-09
2023-03-10 02:05:48.075,2023-03-10 02:02:00,3,2023-03-10
2023-03-10 20:58:29.705,2023-03-10 20:58:00,0,2023-03-10
2023-03-11 05:09:44.631,2023-03-11 05:07:00,2,2023-03-11
2023-03-11 06:00:34.595,2023-03-11 06:00:00,0,2023-03-11
2023-03-11 07:38:08.393,2023-03-11 07:38:00,0,2023-03-11
2023-03-13 03:09:22.250,2023-03-13 03:09:00,0,2023-03-13
2023-03-14 11:28:50.382,2023-03-14 11:28:00,0,2023-03-14
2023-03-14 11:48:56.886,2023-03-14 11:48:00,0,2023-03-14
2023-03-19 16:53:43.612,2023-03-19 16:53:00,0,2023-03-19
2023-03-20 19:14:00.225,2023-03-20 19:14:00,0,2023-03-20
2023-03-20 22:58:03.294,2023-03-20 22:58:00,0,2023-03-20
2023-04-11 12:56:22.951,2023-04-11 12:55:00,1,2023-04-11
2023-04-11 17:09:55.977,2023-04-11 17:09:00,0,2023-04-11
2023-04-12 03:33:26.784,2023-04-12 03:33:00,0,2023-04-12
2023-04-12 10:50:03.972,2023-04-12 10:50:00,0,2023-04-12
2023-04-13 01:20:12.230,2023-04-13 01:20:00,0,2023-04-13
2023-04-13 12:32:52.313,2023-04-13 12:31:00,1,2023-04-13
2023-04-14 00:26:31.522,2023-04-14 00:25:00,1,2023-04-14
2023-04-14 05:53:13.878,2023-04-14 05:53:00,0,2023-04-14
2023-04-14 15:35:36.445,2023-04-14 15:35:00,0,2023-04-14
2023-04-16 12:47:45.701,2023-04-16 12:47:00,0,2023-04-16
2023-04-17 04:35:35.861,2023-04-17 04:35:00,0,2023-04-17
2023-04-17 18:37:01.848,2023-04-17 18:37:00,0,2023-04-17
2023-04-19 00:43:36.849,2023-04-19 00:43:00,0,2023-04-19
2023-04-19 02:41:54.972,2023-04-19 02:41:00,0,2023-04-19
2023-04-20 10:52:10.460,2023-04-20 10:51:00,1,2023-04-20
2023-04-21 04:24:59.652,2023-04-21 04:21:00,3,2023-04-21
2023-04-21 21:50:10.251,2023-04-21 21:50:00,0,2023-04-21
2023-04-23 01:03:02.717,2023-04-23 01:03:00,0,2023-04-23
2023-04-24 04:54:00.618,2023-04-24 04:54:00,0,2023-04-24
2023-04-24 12:29:18.408,2023-04-24 12:27:00,2,2023-04-24
2023-04-25 04:33:38.224,2023-04-25 04:33:00,0,2023-04-25
2023-04-25 05:35:02.334,2023-04-25 05:34:00,1,2023-04-25
2023-04-26 10:52:26.340,2023-04-26 10:51:00,1,2023-04-26
2023-04-26 11:22:36.689,2023-04-26 11:22:00,0,2023-04-26
2023-04-26 11:43:38.156,2023-04-26 11:40:00,3,2023-04-26
2023-04-27 11:27:27.393,2023-04-27 11:27:00,0,2023-04-27
2023-04-28 22:37:04.374,2023-04-28 22:37:00,0,2023-04-28
2023-04-30 16:29:55.623,2023-04-30 16:29:00,0,2023-04-30
2023-04-30 20:44:55.623,2023-04-30 20:44:00,0,2023-04-30
2023-04-30 21:25:37.487,2023-04-30 21:24:00,1,2023-04-30
2023-05-01 19:06:31.480,2023-05-01 19:05:00,1,2023-05-01
2023-05-02 02:34:08.865,2023-05-02 02:33:00,1,2023-05-02
2023-05-03 07:01:19.103,2023-05-03 07:00:00,1,2023-05-03
2023-05-04 04:54:20.123,2023-05-04 04:51:00,3,2023-05-04
2023-05-04 22:33:28.677,2023-05-04 22:30:00,3,2023-05-04
2023-05-05 04:23:00.651,2023-05-05 04:23:00,0,2023-05-05
2023-05-06 00:48:03.021,2023-05-06 00:44:00,4,2023-05-06
2023-05-06 12:22:47.486,2023-05-06 12:19:00,3,2023-05-06
2023-05-08 08:34:40.911,2023-05-08 08:34:00,0,2023-05-08
2023-05-10 20:21:00.629,2023-05-10 20:21:00,0,2023-05-10
2023-05-11 00:12:35.500,2023-05-11 00:12:00,0,2023-05-11
2023-05-11 16:56:27.880,2023-05-11 16:56:00,0,2023-05-11
2023-05-11 21:17:07.654,2023-05-11 21:17:00,0,2023-05-11
2023-05-12 04:32:02.471,2023-05-12 04:32:00,0,2023-05-12
2023-05-13 05:19:58.390,2023-05-13 05:17:00,2,2023-05-13
2023-05-13 05:36:57.949,2023-05-13 05:35:00,1,2023-05-13
2023-05-13 21:31:39.194,2023-05-13 21:30:00,1,2023-05-13
2023-05-14 04:16:07.062,2023-05-14 04:16:00,0,2023-05-14
2023-05-14 08:58:05.785,2023-05-14 08:57:00,1,2023-05-14
2023-05-14 17:55:21.321,2023-05-14 17:55:00,0,2023-05-14
2023-05-14 23:47:56.983,2023-05-14 23:47:00,0,2023-05-14
2023-05-16 01:41:25.905,2023-05-16 01:41:00,0,2023-05-16
2023-05-16 07:53:53.676,2023-05-16 07:53:00,0,2023-05-16
2023-05-16 09:16:45.314,2023-05-16 09:16:00,0,2023-05-16
2023-05-16 10:21:53.276,2023-05-16 10:21:00,0,2023-05-16
2023-05-16 21:35:00.649,2023-05-16 21:35:00,0,2023-05-16
2023-05-17 00:39:03.920,2023-05-17 00:39:00,0,2023-05-17
2023-05-17 18:56:43.931,2023-05-17 18:56:00,0,2023-05-17
2023-05-18 21:37:49.228,2023-05-18 21:34:00,3,2023-05-18
2023-05-19 13:26:48.773,2023-05-19 13:26:00,0,2023-05-19
2023-05-21 22:49:16.078,2023-05-21 22:49:00,0,2023-05-21
2023-05-22 19:52:06.810,2023-05-22 19:52:00,0,2023-05-22
2023-05-22 20:40:00.644,2023-05-22 20:40:00,0,2023-05-22
2023-05-23 03:07:48.833,2023-05-23 03:07:00,0,2023-05-23
2023-05-25 00:15:27.674,2023-05-25 00:15:00,0,2023-05-25
2023-05-25 00:30:58.935,2023-05-25 00:30:00,0,2023-05-25
2023-05-25 14:19:40.844,2023-05-25 14:19:00,0,2023-05-25
2023-05-25 20:35:31.649,2023-05-25 20:35:00,0,2023-05-25
2023-05-26 04:35:45.506,2023-05-26 04:35:00,0,2023-05-26
2023-05-26 10:58:43.636,2023-05-26 10:58:00,0,2023-05-26
2023-05-26 13:12:56.672,2023-05-26 13:12:00,0,2023-05-26
2023-05-26 19:59:37.517,2023-05-26 19:58:00,1,2023-05-26
2023-05-26 20:14:36.872,2023-05-26 20:13:00,1,2023-05-26
2023-05-27 00:54:17.057,2023-05-27 00:54:00,0,2023-05-27
2023-05-27 05:48:41.918,2023-05-27 05:48:00,0,2023-05-27
2023-05-27 08:21:52.818,2023-05-27 08:21:00,0,2023-05-27
2023-05-27 12:33:19.013,2023-05-27 12:33:00,0,2023-05-27
2023-05-27 19:59:08.617,2023-05-27 19:59:00,0,2023-05-27
2023-05-28 03:34:53.507,2023-05-28 03:32:00,2,2023-05-28
2023-05-29 05:08:41.254,2023-05-29 05:08:00,0,2023-05-29
2023-05-29 08:44:09.899,2023-05-29 08:44:00,0,2023-05-29
2023-05-29 20:19:44.611,2023-05-29 20:19:00,0,2023-05-29
2023-05-30 01:13:20.907,2023-05-30 01:11:00,2,2023-05-30
2023-05-30 04:42:24.733,2023-05-30 04:39:00,3,2023-05-30
2023-05-30 09:11:19.546,2023-05-30 09:10:00,1,2023-05-30
2023-05-31 02:42:37.000,2023-05-31 02:41:00,1,2023-05-31
2023-05-31 04:14:54.468,2023-05-31 04:14:00,0,2023-05-31
2023-05-31 12:42:55.739,2023-05-31 12:40:00,2,2023-05-31
2023-05-31 23:53:53.343,2023-05-31 23:52:00,1,2023-05-31
2023-06-01 06:24:47.500,2023-06-01 02:44:00,220,2023-06-01
2023-06-02 01:30:03.817,2023-06-02 01:29:00,1,2023-06-02
2023-06-02 10:43:16.539,2023-06-02 10:43:00,0,2023-06-02
2023-06-02 15:05:27.838,2023-06-02 15:05:00,0,2023-06-02
2023-06-02 19:45:00.473,2023-06-02 19:45:00,0,2023-06-02
2023-06-03 01:05:46.972,2023-06-03 01:04:00,1,2023-06-03
2023-06-03 12:28:15.828,2023-06-03 12:28:00,0,2023-06-03
2023-06-04 11:29:58.856,2023-06-04 11:26:00,3,2023-06-04
2023-06-05 05:25:23.745,2023-06-05 05:25:00,0,2023-06-05
2023-06-05 10:03:09.490,2023-06-05 10:03:00,0,2023-06-05
2023-06-06 00:08:06.937,2023-06-06 00:08:00,0,2023-06-06
2023-06-06 08:59:09.122,2023-06-06 08:59:00,0,2023-06-06
2023-06-06 12:42:58.815,2023-06-06 12:42:00,0,2023-06-06
2023-06-06 16:54:01.235,2023-06-06 16:54:00,0,2023-06-06
2023-06-06 19:25:10.925,2023-06-06 19:25:00,0,2023-06-06
2023-06-07 07:42:26.509,2023-06-07 07:42:00,0,2023-06-07
2023-06-07 21:08:45.280,2023-06-07 21:08:00,0,2023-06-07
2023-06-08 15:41:19.650,2023-06-08 15:41:00,0,2023-06-08
2023-06-08 17:27:31.812,2023-06-08 17:27:00,0,2023-06-08
2023-06-09 00:09:57.357,2023-06-09 00:06:00,3,2023-06-09
2023-06-09 07:37:54.399,2023-06-09 07:34:00,3,2023-06-09
2023-06-10 02:37:42.152,2023-06-10 02:37:00,0,2023-06-10
2023-06-10 09:49:43.000,2023-06-10 09:48:00,1,2023-06-10
2023-06-10 18:54:35.301,2023-06-10 18:54:00,0,2023-06-10
2023-06-11 08:26:31.500,2023-06-11 08:26:00,0,2023-06-11
2023-06-11 08:56:46.144,2023-06-11 08:56:00,0,2023-06-11
2023-06-11 11:21:08.893,2023-06-11 11:21:00,0,2023-06-11
2023-06-11 11:46:27.136,2023-06-11 11:45:00,1,2023-06-11
2023-06-11 23:40:38.460,2023-06-11 23:40:00,0,2023-06-11
2023-06-12 03:04:07.574,2023-06-12 03:02:00,2,2023-06-12
2023-06-12 12:13:56.500,2023-06-12 12:12:00,1,2023-06-12
2023-06-12 16:34:38.105,2023-06-12 16:34:00,0,2023-06-12
2023-06-12 16:40:26.966,2023-06-12 16:40:00,0,2023-06-12
2023-06-13 05:54:21.069,2023-06-13 05:54:00,0,2023-06-13
2023-06-15 10:23:36.788,2023-06-15 10:23:00,0,2023-06-15
2023-06-15 10:50:24.372,2023-06-15 10:50:00,0,2023-06-15
2023-06-16 07:06:21.063,2023-06-16 07:04:00,2,2023-06-16
2023-06-16 17:23:13.567,2023-06-16 17:22:00,1,2023-06-16
2023-06-17 03:47:20.800,2023-06-17 03:45:00,2,2023-06-17
2023-06-17 05:12:00.185,2023-06-17 05:10:00,2,2023-06-17
2023-06-18 10:40:24.763,2023-06-18 10:40:00,0,2023-06-18
2023-06-18 15:04:16.230,2023-06-18 15:04:00,0,2023-06-18
2023-06-19 00:04:40.148,2023-06-19 00:03:00,1,2023-06-19
2023-06-22 12:07:31.217,2023-06-22 12:07:00,0,2023-06-22
2023-06-23 08:07:17.779,2023-06-23 08:07:00,0,2023-06-23
2023-06-23 09:39:33.089,2023-06-23 09:39:00,0,2023-06-23
2023-06-27 09:11:35.011,2023-06-27 09:11:00,0,2023-06-27
2023-06-28 00:57:35.161,2023-06-28 00:53:00,4,2023-06-28
2023-06-30 00:26:24.332,2023-06-30 00:26:00,0,2023-06-30
2023-07-01 07:59:10.917,2023-07-01 07:57:00,2,2023-07-01
2023-07-02 07:21:56.093,2023-07-02 07:20:00,1,2023-07-02
2023-07-02 09:04:22.840,2023-07-02 09:04:00,0,2023-07-02
2023-07-02 09:50:41.380,2023-07-02 09:49:00,1,2023-07-02
2023-07-02 14:09:15.185,2023-07-02 14:09:00,0,2023-07-02
2023-07-03 01:13:38.851,2023-07-03 01:13:00,0,2023-07-03
2023-07-03 14:01:07.155,2023-07-03 14:01:00,0,2023-07-03
2023-07-03 19:24:00.924,2023-07-03 19:24:00,0,2023-07-03
2023-07-04 08:33:53.780,2023-07-04 08:32:00,1,2023-07-04
2023-07-04 12:35:30.963,2023-07-04 12:33:00,2,2023-07-04
2023-07-04 23:31:15.764,2023-07-04 23:31:00,0,2023-07-04
2023-07-07 00:35:49.495,2023-07-07 00:35:00,0,2023-07-07
2023-07-07 15:19:20.221,2023-07-07 15:14:00,5,2023-07-07
2023-07-07 15:54:31.229,2023-07-07 15:52:00,2,2023-07-07
2023-07-08 09:29:34.439,2023-07-08 09:29:00,0,2023-07-08
2023-07-08 16:41:50.163,2023-07-08 16:41:00,0,2023-07-08
2023-07-08 20:36:03.523,2023-07-08 20:36:00,0,2023-07-08
2023-07-09 21:39:09.649,2023-07-09 21:39:00,0,2023-07-09
2023-07-09 22:37:49.388,2023-07-09 22:37:00,0,2023-07-09
2023-07-09 22:48:28.396,2023-07-09 22:47:00,1,2023-07-09
2023-07-09 23:22:30.471,2023-07-09 23:22:00,0,2023-07-09
2023-07-09 23:48:31.776,2023-07-09 23:47:00,1,2023-07-09
2023-07-10 00:38:44.658,2023-07-10 00:38:00,0,2023-07-10
2023-07-10 00:38:45.085,2023-07-10 00:38:00,0,2023-07-10
2023-07-10 00:43:58.549,2023-07-10 00:43:00,0,2023-07-10
2023-07-14 22:46:58.708,2023-07-14 22:46:00,0,2023-07-14
2023-07-16 03:07:22.432,2023-07-16 03:07:00,0,2023-07-16
2023-07-20 15:03:49.289,2023-07-20 15:03:00,0,2023-07-20
2023-07-21 13:06:19.590,2023-07-21 13:06:00,0,2023-07-21
2023-07-22 22:10:48.147,2023-07-22 22:10:00,0,2023-07-22
2023-07-23 00:23:39.288,2023-07-23 00:23:00,0,2023-07-23
2023-07-23 19:55:28.359,2023-07-23 19:55:00,0,2023-07-23
2023-07-26 04:31:24.710,2023-07-26 04:31:00,0,2023-07-26
2023-07-28 14:04:05.997,2023-07-28 14:04:00,0,2023-07-28
2023-07-29 03:02:57.524,2023-07-29 03:02:00,0,2023-07-29
2023-07-29 06:40:49.158,2023-07-29 06:40:00,0,2023-07-29
2023-07-29 06:50:15.004,2023-07-29 06:50:00,0,2023-07-29
2023-07-31 05:01:05.813,2023-07-31 05:01:00,0,2023-07-31
2023-08-01 03:36:01.560,2023-08-01 03:35:00,1,2023-08-01
2023-08-02 02:39:17.250,2023-08-02 02:39:00,0,2023-08-02
2023-08-02 03:43:55.335,2023-08-02 03:43:00,0,2023-08-02
2023-08-03 21:17:41.627,2023-08-03 21:17:00,0,2023-08-03
2023-08-08 22:34:25.738,2023-08-08 22:33:00,1,2023-08-08
2023-08-09 02:40:53.214,2023-08-09 02:39:00,1,2023-08-09
2023-08-09 05:02:33.631,2023-08-09 05:02:00,0,2023-08-09
2023-08-09 13:56:05.868,2023-08-09 13:56:00,0,2023-08-09
2023-08-10 03:45:12.395,2023-08-10 03:45:00,0,2023-08-10
2023-08-13 05:32:34.000,2023-08-13 05:32:00,0,2023-08-13
2023-08-15 21:01:54.792,2023-08-15 21:01:00,0,2023-08-15
2023-08-16 01:54:33.390,2023-08-16 01:54:00,0,2023-08-16
2023-08-17 04:04:01.513,2023-08-17 04:04:00,0,2023-08-17
2023-08-18 17:19:55.475,2023-08-18 16:56:00,23,2023-08-18
2023-08-18 19:03:35.490,2023-08-18 19:03:00,0,2023-08-18
2023-08-19 01:50:18.648,2023-08-19 01:50:00,0,2023-08-19
2023-08-20 01:46:24.795,2023-08-20 01:45:00,1,2023-08-20
2023-08-20 17:41:05.212,2023-08-20 17:41:00,0,2023-08-20
2023-08-21 12:19:27.189,2023-08-21 12:19:00,0,2023-08-21
2023-08-21 16:06:37.848,2023-08-21 16:05:00,1,2023-08-21
2023-08-21 18:27:57.313,2023-08-21 18:27:00,0,2023-08-21
2023-08-22 13:53:27.295,2023-08-22 13:53:00,0,2023-08-22
2023-08-23 19:51:08.473,2023-08-23 19:51:00,0,2023-08-23
2023-08-25 01:48:39.053,2023-08-25 01:48:00,0,2023-08-25
2023-08-25 03:09:18.755,2023-08-25 03:09:00,0,2023-08-25
2023-08-25 10:28:55.908,2023-08-25 10:28:00,0,2023-08-25
2023-08-25 14:27:49.290,2023-08-25 14:27:00,0,2023-08-25
2023-08-25 16:47:42.502,2023-08-25 16:47:00,0,2023-08-25
2023-08-26 05:17:58.125,2023-08-26 05:17:00,0,2023-08-26
2023-08-26 14:30:05.834,2023-08-26 14:30:00,0,2023-08-26
2023-08-26 21:45:04.809,2023-08-26 21:45:00,0,2023-08-26
2023-08-27 03:40:15.747,2023-08-27 03:40:00,0,2023-08-27
2023-08-28 07:58:53.540,2023-08-28 07:58:00,0,2023-08-28
2023-08-28 08:33:20.249,2023-08-28 08:33:00,0,2023-08-28
2023-08-28 14:13:47.665,2023-08-28 14:13:00,0,2023-08-28
2023-08-29 02:13:26.124,2023-08-29 02:13:00,0,2023-08-29
2023-08-29 02:20:10.458,2023-08-29 02:19:00,1,2023-08-29
2023-08-29 09:04:00.669,2023-08-29 09:04:00,0,2023-08-29
2023-08-29 23:52:35.483,2023-08-29 23:52:00,0,2023-08-29
2023-08-30 05:26:13.166,2023-08-30 05:25:00,1,2023-08-30
2023-08-30 09:04:10.500,2023-08-30 09:04:00,0,2023-08-30
2023-08-31 00:05:57.875,2023-08-31 00:05:00,0,2023-08-31
2023-08-31 02:50:43.260,2023-08-31 02:50:00,0,2023-08-31
2023-08-31 16:22:46.863,2023-08-31 16:22:00,0,2023-08-31
2023-09-01 10:24:57.307,2023-09-01 10:24:00,0,2023-09-01
2023-09-01 21:24:57.307,2023-09-01 21:23:00,1,2023-09-01
2023-09-02 07:49:43.055,2023-09-02 07:47:00,2,2023-09-02
2023-09-03 06:15:57.070,2023-09-03 06:15:00,0,2023-09-03
2023-09-03 11:40:14.372,2023-09-03 11:39:00,1,2023-09-03
2023-09-04 05:44:03.599,2023-09-04 05:44:00,0,2023-09-04
2023-09-04 15:47:32.659,2023-09-04 15:47:00,0,2023-09-04
2023-09-04 18:53:14.146,2023-09-04 18:53:00,0,2023-09-04
2023-09-05 23:53:24.164,2023-09-05 23:53:00,0,2023-09-05
2023-09-07 12:11:00.555,2023-09-07 12:11:00,0,2023-09-07
2023-09-08 04:36:02.398,2023-09-08 04:36:00,0,2023-09-08
2023-09-08 11:11:26.510,2023-09-08 11:11:00,0,2023-09-08
2023-09-09 03:37:29.098,2023-09-09 03:37:00,0,2023-09-09
2023-09-09 04:44:22.846,2023-09-09 04:44:00,0,2023-09-09
2023-09-09 11:00:01.267,2023-09-09 11:00:00,0,2023-09-09
2023-09-09 11:08:13.061,2023-09-09 11:08:00,0,2023-09-09
2023-09-10 02:04:53.921,2023-09-10 02:04:00,0,2023-09-10
2023-09-10 03:08:49.354,2023-09-10 03:08:00,0,2023-09-10
2023-09-10 16:46:50.005,2023-09-10 16:46:00,0,2023-09-10
2023-09-11 06:51:04.710,2023-09-11 06:51:00,0,2023-09-11
2023-09-11 09:55:43.891,2023-09-11 09:55:00,0,2023-09-11
2023-09-11 20:30:28.336,2023-09-11 20:30:00,0,2023-09-11
2023-09-11 22:13:04.837,2023-09-11 22:12:00,1,2023-09-11
2023-09-12 03:23:03.182,2023-09-12 03:23:00,0,2023-09-12
2023-09-12 13:03:52.193,2023-09-12 13:03:00,0,2023-09-12
2023-09-13 00:01:19.174,2023-09-13 00:00:00,1,2023-09-13
2023-09-13 05:17:15.584,2023-09-13 05:17:00,0,2023-09-13
2023-09-13 17:16:23.363,2023-09-13 17:16:00,0,2023-09-13
2023-09-14 11:39:48.168,2023-09-14 11:38:00,1,2023-09-14
2023-09-14 19:59:02.653,2023-09-14 19:59:00,0,2023-09-14
2023-09-14 21:22:25.560,2023-09-14 21:22:00,0,2023-09-14
2023-09-15 00:48:38.555,2023-09-15 00:43:00,5,2023-09-15
2023-09-15 08:57:08.201,2023-09-15 08:57:00,0,2023-09-15
2023-09-15 17:30:54.957,2023-09-15 17:30:00,0,2023-09-15
2023-09-15 23:40:36.680,2023-09-15 23:40:00,0,2023-09-15
2023-09-16 05:02:40.107,2023-09-16 05:01:00,1,2023-09-16
2023-09-16 11:12:34.100,2023-09-16 11:09:00,3,2023-09-16
2023-09-17 14:31:44.487,2023-09-17 14:30:00,1,2023-09-17
2023-09-18 05:43:37.143,2023-09-18 05:43:00,0,2023-09-18
2023-09-18 11:25:49.383,2023-09-18 11:25:00,0,2023-09-18
2023-09-20 15:43:29.800,2023-09-20 15:43:00,0,2023-09-20
2023-09-21 07:29:34.696,2023-09-21 07:29:00,0,2023-09-21
2023-09-22 01:32:24.904,2023-09-22 01:32:00,0,2023-09-22
2023-09-23 10:19:04.795,2023-09-23 10:19:00,0,2023-09-23
2023-09-25 05:31:02.754,2023-09-25 05:31:00,0,2023-09-25
2023-09-25 19:05:40.389,2023-09-25 19:05:00,0,2023-09-25
2023-09-26 20:40:11.667,2023-09-26 20:40:00,0,2023-09-26
2023-09-27 06:07:14.333,2023-09-27 06:07:00,0,2023-09-27
2023-09-29 22:16:24.728,2023-09-29 22:16:00,0,2023-09-29
2023-10-01 11:56:33.249,2023-10-01 11:56:00,0,2023-10-01
2023-10-01 19:23:58.925,2023-10-01 19:23:00,0,2023-10-01
2023-10-02 08:50:24.110,2023-10-02 08:49:00,1,2023-10-02
2023-10-02 10:16:35.205,2023-10-02 10:14:00,2,2023-10-02
2023-10-03 17:41:05.159,2023-10-03 17:40:00,1,2023-10-03
2023-10-03 19:18:05.191,2023-10-03 19:18:00,0,2023-10-03
2023-10-04 06:42:24.719,2023-10-04 06:42:00,0,2023-10-04
2023-10-04 10:58:11.664,2023-10-04 10:58:00,0,2023-10-04
2023-10-04 14:12:59.968,2023-10-04 14:12:00,0,2023-10-04
2023-10-04 16:59:49.524,2023-10-04 16:59:00,0,2023-10-04
2023-10-06 07:25:33.858,2023-10-06 07:25:00,0,2023-10-06
2023-10-07 14:25:37.774,2023-10-07 14:25:00,0,2023-10-07
2023-10-07 20:10:15.580,2023-10-07 20:10:00,0,2023-10-07
2023-10-08 03:39:48.219,2023-10-08 03:39:00,0,2023-10-08
2023-10-09 02:17:26.025,2023-10-09 02:17:00,0,2023-10-09
2023-10-09 12:36:49.524,2023-10-09 12:36:00,0,2023-10-09
2023-10-10 13:22:27.330,2023-10-10 13:22:00,0,2023-10-10
2023-10-11 02:58:26.625,2023-10-11 02:58:00,0,2023-10-11
2023-10-11 07:24:12.500,2023-10-11 07:24:00,0,2023-10-11
2023-10-11 13:25:02.254,2023-10-11 13:25:00,0,2023-10-11
2023-10-12 07:27:53.441,2023-10-11 23:25:00,482,2023-10-12
2023-10-14 11:40:29.941,2023-10-14 11:40:00,0,2023-10-14
2023-10-15 09:23:19.500,2023-10-15 09:23:00,0,2023-10-15
2023-10-15 19:38:08.000,2023-10-15 19:38:00,0,2023-10-15
2023-10-20 14:15:20.300,2023-10-20 14:15:00,0,2023-10-20
2023-10-21 01:34:43.500,2023-10-21 01:34:00,0,2023-10-21
2023-10-22 06:46:31.375,2023-10-22 06:46:00,0,2023-10-22
2023-10-23 06:16:10.125,2023-10-23 06:16:00,0,2023-10-23
2023-10-24 12:02:49.172,2023-10-24 12:02:00,0,2023-10-24
2023-10-24 18:22:47.426,2023-10-24 18:22:00,0,2023-10-24
2023-10-24 21:21:55.617,2023-10-24 21:21:00,0,2023-10-24
2023-10-25 04:52:34.932,2023-10-25 04:52:00,0,2023-10-25
2023-10-26 12:20:01.152,2023-10-26 12:20:00,0,2023-10-26
2023-10-26 21:51:46.669,2023-10-26 21:51:00,0,2023-10-26
2023-10-27 01:25:14.058,2023-10-27 01:25:00,0,2023-10-27
2023-10-28 04:33:21.140,2023-10-28 04:33:00,0,2023-10-28
2023-10-29 08:13:32.255,2023-10-29 08:13:00,0,2023-10-29
2023-10-30 19:59:22.894,2023-10-30 19:59:00,0,2023-10-30
2023-10-31 13:43:48.225,2023-10-31 13:43:00,0,2023-10-31
2023-11-02 19:46:12.600,2023-11-02 19:44:00,2,2023-11-02
2023-11-02 22:39:50.322,2023-11-02 22:39:00,0,2023-11-02
2023-11-05 21:17:00.000,2023-11-05 21:17:00,0,2023-11-05
2023-11-06 06:54:26.306,2023-11-06 06:54:00,0,2023-11-06
2023-11-19 22:32:53.600,2023-11-19 22:32:00,0,2023-11-19
2023-12-02 21:06:44.317,2023-12-02 21:05:00,1,2023-12-02
2023-12-03 02:56:43.498,2023-12-03 02:56:00,0,2023-12-03
2023-12-03 10:25:13.387,2023-12-03 10:25:00,0,2023-12-03
2023-12-04 05:02:05.695,2023-12-04 05:01:00,1,2023-12-04
2023-12-06 13:08:42.849,2023-12-06 13:07:00,1,2023-12-06
2023-12-09 23:35:15.796,2023-12-09 23:35:00,0,2023-12-09
2023-12-10 07:32:21.464,2023-12-10 07:31:00,1,2023-12-10
2023-12-12 17:09:48.854,2023-12-12 17:09:00,0,2023-12-12
2023-12-15 03:52:40.109,2023-12-15 03:52:00,0,2023-12-15
2023-12-15 18:47:41.695,2023-12-15 18:47:00,0,2023-12-15
2023-12-16 06:37:28.694,2023-12-16 06:37:00,0,2023-12-16
2023-12-19 08:32:53.445,2023-12-19 08:32:00,0,2023-12-19
2023-12-20 15:36:13.495,2023-12-20 15:36:00,0,2023-12-20
2023-12-21 18:28:06.445,2023-12-21 18:28:00,0,2023-12-21
2023-12-21 20:50:12.518,2023-12-21 20:50:00,0,2023-12-21
2023-12-22 07:53:50.757,2023-12-22 07:53:00,0,2023-12-22
2023-12-22 19:36:20.990,2023-12-22 19:34:00,2,2023-12-22
2023-12-24 09:42:02.638,2023-12-24 09:42:00,0,2023-12-24
2023-12-24 20:41:14.333,2023-12-24 20:41:00,0,2023-12-24
2023-12-25 05:06:10.582,2023-12-25 05:06:00,0,2023-12-25
2023-12-25 12:51:20.602,2023-12-25 12:51:00,0,2023-12-25
2023-12-25 19:22:59.972,2023-12-25 19:20:00,2,2023-12-25
2023-12-25 21:36:14.442,2023-12-25 21:36:00,0,2023-12-25
2023-12-27 23:52:09.220,2023-12-27 23:51:00,1,2023-12-27
2023-12-28 08:12:15.639,2023-12-28 08:12:00,0,2023-12-28
2023-12-28 14:35:19.858,2023-12-28 14:31:00,4,2023-12-28
2023-12-29 18:24:46.984,2023-12-29 18:22:00,2,2023-12-29
2023-12-29 18:57:20.089,2023-12-29 18:57:00,0,2023-12-29
2023-12-30 00:11:57.840,2023-12-30 00:10:00,1,2023-12-30
2023-12-31 01:11:31.023,2023-12-31 01:07:00,4,2023-12-31
2023-12-31 02:59:26.997,2023-12-31 02:58:00,1,2023-12-31
2024-01-02 03:50:20.159,2024-01-02 03:50:00,0,2024-01-02
2024-01-02 17:21:35.768,2024-01-02 17:21:00,0,2024-01-02
2024-01-05 12:23:38.668,2024-01-05 12:23:00,0,2024-01-05
2024-01-05 16:55:04.517,2024-01-05 16:54:00,1,2024-01-05
2024-01-06 01:32:10.848,2024-01-06 01:32:00,0,2024-01-06
2024-01-11 23:11:19.184,2024-01-11 23:11:00,0,2024-01-11
2024-01-12 05:35:55.703,2024-01-12 05:35:00,0,2024-01-12
2024-01-12 14:05:31.298,2024-01-12 14:05:00,0,2024-01-12
2024-01-12 21:36:15.398,2024-01-12 21:36:00,0,2024-01-12
2024-01-13 00:32:52.748,2024-01-13 00:32:00,0,2024-01-13
2024-01-13 09:07:46.198,2024-01-13 09:07:00,0,2024-01-13
2024-01-13 14:40:33.898,2024-01-13 14:40:00,0,2024-01-13
2024-01-13 18:50:24.398,2024-01-13 18:50:00,0,2024-01-13
2024-01-14 13:01:12.998,2024-01-14 13:01:00,0,2024-01-14
2024-01-14 18:45:21.898,2024-01-14 18:44:00,1,2024-01-14
2024-01-16 13:52:55.598,2024-01-16 13:52:00,0,2024-01-16
2024-01-17 08:11:01.719,2024-01-17 08:11:00,0,2024-01-17
2024-01-23 23:08:24.198,2024-01-23 23:04:00,4,2024-01-23
2024-01-27 00:16:57.801,2024-01-27 00:16:00,0,2024-01-27
2024-02-04 20:48:23.334,2024-02-04 20:48:00,0,2024-02-04
2024-02-06 13:22:26.489,2024-02-06 13:22:00,0,2024-02-06
2024-02-07 05:18:17.398,2024-02-07 05:14:00,4,2024-02-07
2024-02-07 19:16:09.118,2024-02-07 19:16:00,0,2024-02-07
2024-02-09 17:28:16.416,2024-02-09 17:28:00,0,2024-02-09
2024-02-19 06:19:34.579,2024-02-19 06:18:00,1,2024-02-19
2024-02-23 07:10:01.958,2024-02-23 07:10:00,0,2024-02-23
2024-02-25 13:59:14.183,2024-02-25 13:59:00,0,2024-02-25
2024-02-26 06:21:34.360,2024-02-26 06:21:00,0,2024-02-26
2024-02-29 19:16:40.176,2024-02-29 19:16:00,0,2024-02-29
2024-03-01 09:27:01.651,2024-03-01 09:25:00,2,2024-03-01
2024-03-02 00:00:18.093,2024-03-02 00:00:00,0,2024-03-02
2024-03-05 08:05:20.800,2024-03-05 07:56:00,9,2024-03-05
2024-03-06 07:53:29.832,2024-03-06 07:51:00,2,2024-03-06
2024-03-06 12:42:23.741,2024-03-06 12:42:00,0,2024-03-06
2024-03-07 07:44:00.061,2024-03-07 07:44:00,0,2024-03-07
2024-03-07 14:00:07.123,2024-03-07 13:57:00,3,2024-03-07
2024-03-08 11:29:37.892,2024-03-08 11:27:00,2,2024-03-08
2024-03-08 23:55:12.785,2024-03-08 23:55:00,0,2024-03-08
2024-03-09 01:08:17.448,2024-03-09 01:07:00,1,2024-03-09
2024-03-15 11:56:03.498,2024-03-15 11:56:00,0,2024-03-15
2024-03-16 08:56:06.348,2024-03-16 08:49:00,7,2024-03-16
2024-03-18 17:07:19.748,2024-03-18 17:07:00,0,2024-03-18
2024-03-20 00:09:41.316,2024-03-20 00:09:00,0,2024-03-20
2024-03-22 19:29:44.358,2024-03-22 19:29:00,0,2024-03-22
2024-03-25 09:30:58.899,2024-03-25 08:24:00,66,2024-03-25
2024-03-26 10:56:43.299,2024-03-26 10:54:00,2,2024-03-26
2024-03-27 03:10:06.309,2024-03-27 03:06:00,4,2024-03-27
2024-03-27 08:35:55.388,2024-03-27 08:35:00,0,2024-03-27
2024-03-28 09:52:28.290,2024-03-28 09:52:00,0,2024-03-28
2024-04-01 01:11:07.408,2024-04-01 01:11:00,0,2024-04-01
2024-04-03 11:18:49.939,2024-04-03 11:18:00,0,2024-04-03
2024-04-03 19:20:28.537,2024-04-03 19:20:00,0,2024-04-03
2024-04-04 18:10:48.097,2024-04-04 18:07:00,3,2024-04-04
2024-04-08 23:52:46.621,2024-04-08 23:51:00,1,2024-04-08
2024-04-28 11:37:41.279,2024-04-28 11:37:00,0,2024-04-28
2024-04-29 11:38:43.328,2024-04-29 11:38:00,0,2024-04-29
2024-04-29 11:43:45.004,2024-04-29 11:43:00,0,2024-04-29
2024-04-30 14:36:27.081,2024-04-30 14:34:00,2,2024-04-30
2024-05-09 06:01:44.955,2024-05-09 06:01:00,0,2024-05-09
2024-05-14 07:39:27.660,2024-05-14 07:38:00,1,2024-05-14
2024-05-19 09:46:20.235,2024-05-19 09:46:00,0,2024-05-19
2024-05-21 15:29:22.151,2024-05-21 15:28:00,1,2024-05-21
2024-06-16 05:45:56.505,2024-06-16 05:44:00,1,2024-06-16
2024-06-17 11:12:42.077,2024-06-17 11:11:00,1,2024-06-17
2024-06-18 16:59:54.505,2024-06-18 16:59:00,0,2024-06-18
2024-06-19 02:13:34.948,2024-06-19 02:12:00,1,2024-06-19
2024-06-19 14:55:27.548,2024-06-19 14:55:00,0,2024-06-19
2024-06-22 07:19:26.305,2024-06-22 07:19:00,0,2024-06-22
2024-06-22 07:26:17.348,2024-06-22 07:26:00,0,2024-06-22
2024-06-22 07:32:45.775,2024-06-22 07:30:00,2,2024-06-22
2024-06-22 12:05:22.814,2024-06-22 12:05:00,0,2024-06-22
2024-06-24 01:32:18.982,2024-06-24 01:31:00,1,2024-06-24
2024-06-24 08:40:50.232,2024-06-24 08:40:00,0,2024-06-24
2024-06-25 17:00:53.805,2024-06-25 17:00:00,0,2024-06-25
2024-07-01 00:37:32.450,2024-07-01 00:37:00,0,2024-07-01
2024-07-06 09:26:20.466,2024-07-06 09:24:00,2,2024-07-06
2024-07-09 17:41:02.544,2024-07-09 17:41:00,0,2024-07-09
2024-07-10 00:23:46.220,2024-07-10 00:23:00,0,2024-07-10
2024-07-25 21:59:56.579,2024-07-25 21:59:00,0,2024-07-25
2024-08-09 18:42:16.286,2024-08-09 18:42:00,0,2024-08-09
2024-08-12 08:10:29.810,2024-08-12 08:10:00,0,2024-08-12
2024-08-12 22:23:23.008,2024-08-12 22:22:00,1,2024-08-12
2024-08-14 20:38:32.226,2024-08-14 20:37:00,1,2024-08-14
2024-08-15 03:34:29.880,2024-08-15 03:34:00,0,2024-08-15
2024-08-16 00:44:29.048,2024-08-16 00:44:00,0,2024-08-16
2024-09-05 02:51:57.293,2024-09-05 02:51:00,0,2024-09-05
2024-09-07 00:03:55.157,2024-09-07 00:03:00,0,2024-09-07
2024-09-07 12:13:47.236,2024-09-07 12:13:00,0,2024-09-07
2024-09-08 06:32:14.673,2024-09-08 06:32:00,0,2024-09-08
2024-09-16 07:23:31.088,2024-09-16 07:23:00,0,2024-09-16
2024-09-21 03:38:19.486,2024-09-21 03:36:00,2,2024-09-21
2024-09-30 04:06:11.575,2024-09-30 04:06:00,0,2024-09-30
2024-10-10 12:33:10.724,2024-10-10 12:33:00,0,2024-10-10
2024-10-22 07:14:17.340,2024-10-22 07:14:00,0,2024-10-22
2024-10-30 14:46:40.243,2024-10-30 14:43:00,3,2024-10-30
2024-11-20 21:40:05.448,2024-11-20 21:40:00,0,2024-11-20
2024-12-26 07:31:43.958,2024-12-26 07:30:00,1,2024-12-26
2024-12-28 19:14:53.235,2024-12-28 19:14:00,0,2024-12-28
2024-12-31 03:05:51.038,2024-12-31 03:05:00,0,2024-12-31
