Sum_VT,Last_VT,Max_VT,Sum_LP,Last_LP,Max_LP,Sum_Tcorto,Last_Tcorto,Max_Tcorto,Sum_tornillo,Last_tornillo,Max_tornillo,Sum_Precipitations,Last_Precipitations,Max_Precipitations
1.0,1.0,1.0,4.0,2.0,2.0,4.0,3.0,3.0,0.0,0.0,0.0,5.06,0.0,5.06
1.0,0.0,1.0,5.0,1.0,2.0,3.0,0.0,3.0,0.0,0.0,0.0,0.0,0.0,0.0
0.0,0.0,0.0,100.0,28.0,48.0,2.0,0.0,1.0,0.0,0.0,0.0,5.3073,0.0,5.3073
0.0,0.0,0.0,53.0,0.0,27.0,9.0,0.0,9.0,0.0,0.0,0.0,0.0,0.0,0.0
0.0,0.0,0.0,1.0,0.0,1.0,1.0,0.0,1.0,1.0,1.0,1.0,5.8319,0.0,5.8319
3.0,3.0,3.0,0.0,0.0,0.0,0.0,0.0,0.0,2.0,1.0,1.0,0.0,0.0,0.0
3.0,0.0,3.0,1.0,1.0,1.0,6.0,6.0,6.0,3.0,1.0,1.0,0.0,0.0,0.0
3.0,0.0,3.0,7.0,2.0,4.0,124.0,79.0,79.0,2.0,0.0,1.0,0.0,0.0,0.0
1.0,0.0,1.0,17.0,8.0,8.0,192.0,119.0,119.0,3.0,3.0,3.0,0.0,0.0,0.0
1.0,1.0,1.0,18.0,3.0,8.0,202.0,18.0,119.0,3.0,0.0,3.0,0.0,0.0,0.0
0.0,0.0,0.0,7.0,7.0,7.0,422.0,48.0,147.0,0.0,0.0,0.0,24.3388,0.0,24.3388
0.0,0.0,0.0,7.0,7.0,7.0,422.0,48.0,147.0,0.0,0.0,0.0,24.3388,0.0,24.3388
3.0,0.0,2.0,6.0,2.0,3.0,13.0,0.0,11.0,2.0,0.0,2.0,60.065999999999995,9.3356,31.7065
2.0,0.0,2.0,6.0,1.0,3.0,6.0,4.0,4.0,2.0,0.0,2.0,75.0373,46.6778,46.6778
0.0,0.0,0.0,5.0,2.0,2.0,13.0,9.0,9.0,0.0,0.0,0.0,115.37379999999999,46.6778,46.6778
0.0,0.0,0.0,4.0,0.0,2.0,349.0,0.0,230.0,0.0,0.0,0.0,60.870599999999996,10.1451,30.4353
0.0,0.0,0.0,3.0,0.0,3.0,71.0,54.0,54.0,0.0,0.0,0.0,36.4484,14.5794,21.869
0.0,0.0,0.0,7.0,3.0,3.0,770.0,181.0,269.0,0.0,0.0,0.0,31.5346,0.0,15.7673
1.0,0.0,1.0,10.0,1.0,4.0,432.0,43.0,181.0,0.0,0.0,0.0,57.9727,31.6301,31.6301
1.0,0.0,1.0,13.0,5.0,5.0,310.0,36.0,181.0,0.0,0.0,0.0,73.80369999999999,21.0868,31.6301
1.0,0.0,1.0,12.0,2.0,5.0,212.0,83.0,83.0,0.0,0.0,0.0,73.80369999999999,0.0,31.6301
1.0,1.0,1.0,17.0,5.0,5.0,280.0,91.0,91.0,0.0,0.0,0.0,74.5719,35.6567,35.6567
0.0,0.0,0.0,12.0,3.0,4.0,0.0,0.0,0.0,0.0,0.0,0.0,6.3795,0.0,6.3795
0.0,0.0,0.0,14.0,5.0,5.0,2.0,0.0,1.0,2.0,0.0,2.0,0.0,0.0,0.0
0.0,0.0,0.0,24.0,10.0,10.0,41.0,3.0,33.0,1.0,0.0,1.0,0.0,0.0,0.0
3.0,3.0,3.0,22.0,4.0,10.0,45.0,5.0,33.0,2.0,2.0,2.0,0.0,0.0,0.0
1.0,0.0,1.0,0.0,0.0,0.0,0.0,0.0,0.0,0.0,0.0,0.0,0.0,0.0,0.0
0.0,0.0,0.0,7.0,2.0,3.0,0.0,0.0,0.0,0.0,0.0,0.0,0.0,0.0,0.0
0.0,0.0,0.0,12.0,3.0,5.0,2.0,0.0,2.0,0.0,0.0,0.0,0.0,0.0,0.0
0.0,0.0,0.0,18.0,1.0,7.0,0.0,0.0,0.0,0.0,0.0,0.0,0.0,0.0,0.0
0.0,0.0,0.0,12.0,4.0,7.0,0.0,0.0,0.0,0.0,0.0,0.0,0.0,0.0,0.0
0.0,0.0,0.0,12.0,4.0,7.0,0.0,0.0,0.0,0.0,0.0,0.0,0.0,0.0,0.0
0.0,0.0,0.0,6.0,2.0,4.0,0.0,0.0,0.0,0.0,0.0,0.0,0.0,0.0,0.0
1.0,0.0,1.0,4.0,1.0,3.0,0.0,0.0,0.0,1.0,1.0,1.0,0.0,0.0,0.0
2.0,2.0,2.0,9.0,3.0,4.0,11.0,0.0,9.0,3.0,1.0,1.0,4.4248,4.4248,4.4248
3.0,0.0,2.0,9.0,1.0,4.0,3.0,0.0,2.0,3.0,0.0,1.0,4.4248,0.0,4.4248
1.0,0.0,1.0,9.0,3.0,4.0,1.0,0.0,1.0,1.0,0.0,1.0,0.0,0.0,0.0
1.0,0.0,1.0,9.0,3.0,4.0,1.0,0.0,1.0,1.0,0.0,1.0,0.0,0.0,0.0
2.0,1.0,1.0,8.0,3.0,3.0,0.0,0.0,0.0,0.0,0.0,0.0,0.0,0.0,0.0
1.0,0.0,1.0,10.0,4.0,4.0,19.0,0.0,11.0,0.0,0.0,0.0,0.0,0.0,0.0
0.0,0.0,0.0,8.0,1.0,4.0,14.0,10.0,10.0,0.0,0.0,0.0,0.0,0.0,0.0
0.0,0.0,0.0,6.0,2.0,3.0,32.0,18.0,18.0,0.0,0.0,0.0,0.0,0.0,0.0
1.0,1.0,1.0,8.0,2.0,3.0,32.0,0.0,18.0,2.0,2.0,2.0,0.0,0.0,0.0
1.0,0.0,1.0,6.0,0.0,2.0,22.0,0.0,18.0,2.0,0.0,2.0,0.0,0.0,0.0
0.0,0.0,0.0,0.0,0.0,0.0,0.0,0.0,0.0,0.0,0.0,0.0,0.0,0.0,0.0
0.0,0.0,0.0,0.0,0.0,0.0,0.0,0.0,0.0,0.0,0.0,0.0,0.0,0.0,0.0
0.0,0.0,0.0,0.0,0.0,0.0,0.0,0.0,0.0,0.0,0.0,0.0,0.0,0.0,0.0
1.0,1.0,1.0,1.0,1.0,1.0,0.0,0.0,0.0,0.0,0.0,0.0,0.0,0.0,0.0
1.0,1.0,1.0,1.0,1.0,1.0,0.0,0.0,0.0,0.0,0.0,0.0,0.0,0.0,0.0
2.0,1.0,1.0,2.0,1.0,1.0,8.0,8.0,8.0,0.0,0.0,0.0,0.0,0.0,0.0
4.0,2.0,2.0,4.0,2.0,2.0,18.0,10.0,10.0,0.0,0.0,0.0,0.0,0.0,0.0
4.0,0.0,2.0,7.0,2.0,2.0,233.0,73.0,138.0,1.0,1.0,1.0,12.7059,12.7059,12.7059
4.0,0.0,2.0,7.0,2.0,2.0,233.0,73.0,138.0,1.0,1.0,1.0,12.7059,12.7059,12.7059
1.0,0.0,1.0,6.0,1.0,2.0,266.0,27.0,138.0,1.0,0.0,1.0,12.7059,0.0,12.7059
1.0,0.0,1.0,6.0,1.0,2.0,266.0,27.0,138.0,1.0,0.0,1.0,12.7059,0.0,12.7059
0.0,0.0,0.0,4.0,0.0,2.0,195.0,67.0,73.0,1.0,0.0,1.0,12.7059,0.0,12.7059
0.0,0.0,0.0,7.0,5.0,5.0,176.0,54.0,67.0,0.0,0.0,0.0,8.8258,8.8258,8.8258
0.0,0.0,0.0,7.0,5.0,5.0,176.0,54.0,67.0,0.0,0.0,0.0,8.8258,8.8258,8.8258
0.0,0.0,0.0,11.0,5.0,5.0,148.0,0.0,67.0,0.0,0.0,0.0,8.8258,0.0,8.8258
0.0,0.0,0.0,16.0,2.0,5.0,75.0,17.0,54.0,1.0,0.0,1.0,8.8258,0.0,8.8258
0.0,0.0,0.0,11.0,0.0,5.0,30.0,9.0,17.0,1.0,0.0,1.0,0.0,0.0,0.0
0.0,0.0,0.0,7.0,1.0,4.0,70.0,40.0,40.0,1.0,0.0,1.0,0.0,0.0,0.0
0.0,0.0,0.0,7.0,1.0,4.0,70.0,40.0,40.0,1.0,0.0,1.0,0.0,0.0,0.0
0.0,0.0,0.0,7.0,1.0,4.0,70.0,40.0,40.0,1.0,0.0,1.0,0.0,0.0,0.0
0.0,0.0,0.0,6.0,5.0,5.0,70.0,19.0,40.0,0.0,0.0,0.0,16.113,0.0,16.113
0.0,0.0,0.0,6.0,5.0,5.0,70.0,19.0,40.0,0.0,0.0,0.0,16.113,0.0,16.113
1.0,1.0,1.0,8.0,2.0,5.0,81.0,20.0,40.0,0.0,0.0,0.0,16.113,0.0,16.113
1.0,0.0,1.0,10.0,3.0,5.0,45.0,4.0,20.0,0.0,0.0,0.0,23.6877,7.5747,16.113
1.0,0.0,1.0,13.0,3.0,5.0,127.0,84.0,84.0,0.0,0.0,0.0,7.5747,0.0,7.5747
1.0,1.0,1.0,12.0,1.0,5.0,363.0,165.0,165.0,1.0,0.0,1.0,7.5747,0.0,7.5747
4.0,3.0,3.0,12.0,3.0,5.0,505.0,146.0,165.0,1.0,0.0,1.0,13.3881,13.3881,13.3881
4.0,3.0,3.0,12.0,3.0,5.0,505.0,146.0,165.0,1.0,0.0,1.0,13.3881,13.3881,13.3881
9.0,5.0,5.0,11.0,2.0,5.0,544.0,123.0,165.0,2.0,1.0,1.0,13.3881,0.0,13.3881
15.0,2.0,6.0,4.0,0.0,2.0,381.0,116.0,116.0,0.0,0.0,0.0,5.022,5.022,5.022
10.0,1.0,6.0,3.0,0.0,2.0,362.0,57.0,116.0,0.0,0.0,0.0,5.022,0.0,5.022
6.0,2.0,2.0,2.0,1.0,1.0,276.0,25.0,116.0,0.0,0.0,0.0,20.088,15.066,15.066
6.0,2.0,2.0,2.0,1.0,1.0,276.0,25.0,116.0,0.0,0.0,0.0,20.088,15.066,15.066
3.0,0.0,2.0,5.0,4.0,4.0,200.0,23.0,95.0,1.0,1.0,1.0,55.172,25.04,25.04
2.0,0.0,2.0,5.0,0.0,4.0,163.0,20.0,95.0,1.0,0.0,1.0,78.2406,23.0686,25.04
0.0,0.0,0.0,4.0,0.0,4.0,138.0,0.0,95.0,1.0,0.0,1.0,88.7341,25.5595,25.5595
1.0,1.0,1.0,5.0,1.0,4.0,45.0,2.0,23.0,1.0,0.0,1.0,92.2541,18.586,25.5595
1.0,1.0,1.0,5.0,1.0,4.0,45.0,2.0,23.0,1.0,0.0,1.0,92.2541,18.586,25.5595
1.0,0.0,1.0,3.0,2.0,2.0,74.0,52.0,52.0,1.0,1.0,1.0,83.7668,16.5527,25.5595
2.0,1.0,1.0,5.0,2.0,2.0,101.0,47.0,52.0,1.0,0.0,1.0,68.9821,8.2839,25.5595
5.0,3.0,3.0,7.0,2.0,2.0,240.0,139.0,139.0,1.0,0.0,1.0,109.6935,66.2709,66.2709
13.0,1.0,6.0,6.0,2.0,2.0,444.0,97.0,142.0,0.0,0.0,0.0,99.4064,0.0,66.2709
10.0,0.0,6.0,11.0,7.0,7.0,329.0,24.0,142.0,1.0,1.0,1.0,57.9871,24.8516,24.8516
0.0,0.0,0.0,21.0,8.0,8.0,281.0,68.0,103.0,1.0,0.0,1.0,145.2586,24.0811,64.6402
0.0,0.0,0.0,13.0,3.0,5.0,354.0,64.0,113.0,0.0,0.0,0.0,21.0621,0.0,7.0207
13.0,0.0,11.0,7.0,3.0,3.0,214.0,61.0,61.0,1.0,1.0,1.0,108.3937,0.0,45.7268
14.0,1.0,11.0,5.0,1.0,3.0,237.0,74.0,74.0,1.0,0.0,1.0,80.2888,17.6219,34.3665
14.0,1.0,11.0,5.0,1.0,3.0,237.0,74.0,74.0,1.0,0.0,1.0,80.2888,17.6219,34.3665
3.0,0.0,2.0,5.0,1.0,3.0,270.0,83.0,83.0,2.0,1.0,1.0,63.544200000000004,17.6219,28.3004
0.0,0.0,0.0,18.0,4.0,6.0,7.0,7.0,7.0,0.0,0.0,0.0,5.7597,0.0,2.4528
0.0,0.0,0.0,19.0,4.0,6.0,62.0,55.0,55.0,0.0,0.0,0.0,18.638,14.5858,14.5858
0.0,0.0,0.0,15.0,6.0,6.0,163.0,83.0,83.0,1.0,1.0,1.0,12.7596,6.3798,6.3798
0.0,0.0,0.0,15.0,2.0,6.0,261.0,44.0,83.0,1.0,0.0,1.0,12.7596,3.1899,6.3798
0.0,0.0,0.0,15.0,2.0,6.0,261.0,44.0,83.0,1.0,0.0,1.0,12.7596,3.1899,6.3798
0.0,0.0,0.0,15.0,2.0,6.0,261.0,44.0,83.0,1.0,0.0,1.0,12.7596,3.1899,6.3798
0.0,0.0,0.0,9.0,0.0,6.0,299.0,107.0,107.0,1.0,0.0,1.0,12.7596,0.0,6.3798
0.0,0.0,0.0,10.0,7.0,7.0,277.0,61.0,107.0,0.0,0.0,0.0,6.3798,0.0,3.1899
1.0,1.0,1.0,14.0,1.0,7.0,179.0,18.0,61.0,0.0,0.0,0.0,8.9813,8.9813,8.9813
1.0,0.0,1.0,6.0,3.0,3.0,221.0,86.0,86.0,0.0,0.0,0.0,30.609699999999997,17.1377,17.1377
0.0,0.0,0.0,12.0,3.0,6.0,291.0,45.0,93.0,0.0,0.0,0.0,27.341,5.7126,17.1377
0.0,0.0,0.0,15.0,3.0,6.0,304.0,80.0,93.0,0.0,0.0,0.0,28.5629,5.7126,17.1377
0.0,0.0,0.0,23.0,11.0,11.0,273.0,55.0,93.0,0.0,0.0,0.0,17.1378,5.7126,5.7126
0.0,0.0,0.0,18.0,1.0,11.0,257.0,77.0,80.0,0.0,0.0,0.0,30.5989,13.4611,13.4611
0.0,0.0,0.0,20.0,2.0,11.0,198.0,24.0,77.0,0.0,0.0,0.0,29.2695,10.0958,13.4611
49.0,49.0,49.0,14.0,5.0,6.0,180.0,37.0,77.0,0.0,0.0,0.0,30.287399999999998,6.7305,13.4611
49.0,49.0,49.0,14.0,5.0,6.0,180.0,37.0,77.0,0.0,0.0,0.0,30.287399999999998,6.7305,13.4611
50.0,1.0,49.0,16.0,3.0,6.0,177.0,74.0,74.0,0.0,0.0,0.0,33.6526,16.8263,16.8263
50.0,0.0,49.0,12.0,2.0,5.0,226.0,62.0,74.0,0.0,0.0,0.0,27.4285,3.8717,16.8263
1.0,0.0,1.0,8.0,1.0,3.0,259.0,70.0,74.0,0.0,0.0,0.0,24.5697,3.8717,16.8263
0.0,0.0,0.0,6.0,1.0,2.0,242.0,57.0,70.0,0.0,0.0,0.0,15.486699999999999,7.7433,7.7433
0.0,0.0,0.0,6.0,1.0,2.0,242.0,57.0,70.0,0.0,0.0,0.0,15.486699999999999,7.7433,7.7433
1.0,1.0,1.0,5.0,1.0,2.0,234.0,45.0,70.0,0.0,0.0,0.0,27.1017,11.615,11.615
1.0,1.0,1.0,5.0,1.0,2.0,234.0,45.0,70.0,0.0,0.0,0.0,27.1017,11.615,11.615
1.0,1.0,1.0,5.0,1.0,2.0,234.0,45.0,70.0,0.0,0.0,0.0,27.1017,11.615,11.615
1.0,0.0,1.0,5.0,2.0,2.0,215.0,43.0,70.0,0.0,0.0,0.0,37.0783,13.8483,13.8483
1.0,0.0,1.0,7.0,3.0,3.0,183.0,38.0,57.0,0.0,0.0,0.0,43.592800000000004,10.3862,13.8483
1.0,0.0,1.0,7.0,1.0,3.0,167.0,41.0,45.0,0.0,0.0,0.0,35.8495,0.0,13.8483
1.0,0.0,1.0,7.0,1.0,3.0,167.0,41.0,45.0,0.0,0.0,0.0,35.8495,0.0,13.8483
0.0,0.0,0.0,8.0,2.0,3.0,152.0,30.0,43.0,0.0,0.0,0.0,24.2345,0.0,13.8483
0.0,0.0,0.0,8.0,2.0,3.0,152.0,30.0,43.0,0.0,0.0,0.0,24.2345,0.0,13.8483
1.0,0.0,1.0,10.0,3.0,4.0,112.0,25.0,41.0,1.0,0.0,1.0,46.2184,39.2943,39.2943
1.0,0.0,1.0,9.0,0.0,4.0,99.0,28.0,30.0,1.0,0.0,1.0,65.8656,19.6472,39.2943
2.0,1.0,1.0,8.0,1.0,4.0,135.0,66.0,66.0,1.0,0.0,1.0,75.6892,9.8236,39.2943
1.0,0.0,1.0,5.0,1.0,3.0,198.0,79.0,79.0,0.0,0.0,0.0,78.5887,9.8236,39.2943
1.0,0.0,1.0,3.0,1.0,1.0,262.0,89.0,89.0,0.0,0.0,0.0,49.118,9.8236,19.6472
1.0,0.0,1.0,19.0,4.0,6.0,49.0,1.0,44.0,0.0,0.0,0.0,74.5343,49.6895,49.6895
0.0,0.0,0.0,20.0,7.0,7.0,5.0,0.0,4.0,1.0,1.0,1.0,99.3791,24.8448,49.6895
0.0,0.0,0.0,19.0,3.0,7.0,1.0,0.0,1.0,2.0,1.0,1.0,120.00569999999999,20.6266,49.6895
0.0,0.0,0.0,19.0,3.0,7.0,1.0,0.0,1.0,2.0,1.0,1.0,120.00569999999999,20.6266,49.6895
2.0,2.0,2.0,16.0,2.0,7.0,3.0,2.0,2.0,4.0,2.0,2.0,115.7875,20.6266,49.6895
6.0,0.0,4.0,11.0,3.0,3.0,3.0,1.0,2.0,3.0,0.0,2.0,61.8798,6.8755,20.6266
1.0,0.0,1.0,75.0,2.0,34.0,43.0,21.0,21.0,10.0,0.0,4.0,55.09739999999999,12.7148,16.953
0.0,0.0,0.0,89.0,15.0,34.0,42.0,0.0,21.0,12.0,2.0,4.0,63.573899999999995,8.4765,16.953
2.0,2.0,2.0,85.0,10.0,32.0,47.0,5.0,21.0,10.0,0.0,4.0,69.5536,18.4767,18.4767
2.0,0.0,2.0,63.0,6.0,32.0,7.0,2.0,5.0,2.0,0.0,2.0,66.4514,22.3274,22.3274
2.0,0.0,2.0,62.0,14.0,32.0,18.0,11.0,11.0,0.0,0.0,0.0,93.561,35.5861,35.5861
2.0,0.0,2.0,55.0,25.0,25.0,32.0,14.0,14.0,0.0,0.0,0.0,96.07830000000001,19.6881,35.5861
0.0,0.0,0.0,52.0,7.0,25.0,34.0,7.0,14.0,0.0,0.0,0.0,77.60159999999999,0.0,35.5861
0.0,0.0,0.0,47.0,1.0,25.0,68.0,36.0,36.0,0.0,0.0,0.0,62.437,7.1628,35.5861
0.0,0.0,0.0,12.0,3.0,7.0,48.0,0.0,36.0,0.0,0.0,0.0,14.3256,7.1628,7.1628
0.0,0.0,0.0,8.0,3.0,3.0,62.0,21.0,36.0,2.0,2.0,2.0,35.8139,21.4883,21.4883
0.0,0.0,0.0,11.0,4.0,4.0,48.0,22.0,22.0,2.0,0.0,2.0,28.6511,0.0,21.4883
0.0,0.0,0.0,24.0,17.0,17.0,188.0,63.0,72.0,0.0,0.0,0.0,40.495400000000004,13.4985,26.9969
0.0,0.0,0.0,24.0,17.0,17.0,188.0,63.0,72.0,0.0,0.0,0.0,40.495400000000004,13.4985,26.9969
0.0,0.0,0.0,20.0,0.0,17.0,245.0,79.0,79.0,0.0,0.0,0.0,53.993900000000004,13.4985,26.9969
0.0,0.0,0.0,27.0,9.0,17.0,243.0,29.0,79.0,2.0,2.0,2.0,53.993900000000004,0.0,26.9969
0.0,0.0,0.0,27.0,9.0,17.0,243.0,29.0,79.0,2.0,2.0,2.0,53.993900000000004,0.0,26.9969
0.0,0.0,0.0,6.0,0.0,4.0,101.0,2.0,80.0,0.0,0.0,0.0,128.4872,21.4145,42.8291
0.0,0.0,0.0,4.0,2.0,2.0,191.0,91.0,91.0,1.0,1.0,1.0,101.31110000000001,15.653,42.8291
0.0,0.0,0.0,5.0,3.0,3.0,120.0,24.0,91.0,1.0,0.0,1.0,146.6387,62.6121,62.6121
0.0,0.0,0.0,9.0,4.0,4.0,125.0,7.0,91.0,1.0,0.0,1.0,156.5302,31.306,62.6121
0.0,0.0,0.0,9.0,4.0,4.0,125.0,7.0,91.0,1.0,0.0,1.0,156.5302,31.306,62.6121
1.0,1.0,1.0,13.0,2.0,4.0,74.0,16.0,27.0,1.0,1.0,1.0,134.0353,8.8112,62.6121
1.0,1.0,1.0,13.0,2.0,4.0,74.0,16.0,27.0,1.0,1.0,1.0,134.0353,8.8112,62.6121
1.0,1.0,1.0,13.0,2.0,4.0,74.0,16.0,27.0,1.0,1.0,1.0,134.0353,8.8112,62.6121
1.0,0.0,1.0,5.0,1.0,2.0,23.0,2.0,16.0,2.0,0.0,1.0,26.4336,8.8112,8.8112
1.0,0.0,1.0,5.0,1.0,2.0,23.0,2.0,16.0,2.0,0.0,1.0,26.4336,8.8112,8.8112
12.0,2.0,7.0,6.0,1.0,4.0,214.0,18.0,139.0,0.0,0.0,0.0,39.865899999999996,7.4145,14.829
12.0,2.0,7.0,6.0,1.0,4.0,214.0,18.0,139.0,0.0,0.0,0.0,39.865899999999996,7.4145,14.829
10.0,2.0,3.0,13.0,6.0,6.0,100.0,22.0,55.0,0.0,0.0,0.0,29.658,7.4145,14.829
10.0,2.0,3.0,13.0,6.0,6.0,100.0,22.0,55.0,0.0,0.0,0.0,29.658,7.4145,14.829
7.0,0.0,3.0,14.0,4.0,6.0,43.0,5.0,22.0,2.0,2.0,2.0,25.9588,18.5443,18.5443
4.0,0.0,2.0,13.0,1.0,6.0,69.0,31.0,31.0,2.0,0.0,2.0,30.5949,4.6361,18.5443
0.0,0.0,0.0,7.0,1.0,4.0,46.0,1.0,31.0,2.0,0.0,2.0,41.724799999999995,9.2722,18.5443
0.0,0.0,0.0,4.0,1.0,1.0,44.0,3.0,31.0,0.0,0.0,0.0,32.4527,9.2722,9.2722
0.0,0.0,0.0,8.0,5.0,5.0,21.0,8.0,9.0,1.0,1.0,1.0,35.2512,7.4346,9.2722
3.0,0.0,3.0,7.0,4.0,4.0,88.0,50.0,50.0,2.0,1.0,1.0,107.355,20.4691,44.919
3.0,0.0,3.0,7.0,4.0,4.0,88.0,50.0,50.0,2.0,1.0,1.0,107.355,20.4691,44.919
3.0,0.0,3.0,5.0,0.0,4.0,81.0,0.0,50.0,1.0,0.0,1.0,129.013,44.7622,44.919
0.0,0.0,0.0,17.0,2.0,12.0,39.0,11.0,19.0,0.0,0.0,0.0,81.8789,0.0,74.8533
0.0,0.0,0.0,15.0,2.0,6.0,334.0,69.0,183.0,1.0,0.0,1.0,0.0,0.0,0.0
5.0,2.0,3.0,15.0,2.0,9.0,479.0,96.0,157.0,1.0,0.0,1.0,102.9477,68.2006,68.2006
6.0,1.0,3.0,14.0,1.0,9.0,491.0,81.0,157.0,1.0,0.0,1.0,102.9477,0.0,68.2006
7.0,1.0,3.0,17.0,5.0,9.0,404.0,70.0,157.0,0.0,0.0,0.0,68.2006,0.0,68.2006
4.0,0.0,2.0,9.0,1.0,5.0,266.0,19.0,96.0,0.0,0.0,0.0,68.2006,0.0,68.2006
2.0,0.0,1.0,8.0,1.0,5.0,217.0,47.0,81.0,0.0,0.0,0.0,12.9209,12.9209,12.9209
2.0,0.0,1.0,8.0,1.0,5.0,217.0,47.0,81.0,0.0,0.0,0.0,12.9209,12.9209,12.9209
2.0,0.0,1.0,8.0,1.0,5.0,217.0,47.0,81.0,0.0,0.0,0.0,12.9209,12.9209,12.9209
4.0,3.0,3.0,9.0,2.0,5.0,172.0,36.0,70.0,0.0,0.0,0.0,12.9209,0.0,12.9209
35.0,6.0,18.0,11.0,1.0,8.0,24.0,2.0,21.0,1.0,0.0,1.0,0.0,0.0,0.0
30.0,1.0,18.0,3.0,0.0,1.0,3.0,0.0,2.0,0.0,0.0,0.0,0.0,0.0,0.0
34.0,0.0,33.0,13.0,7.0,7.0,0.0,0.0,0.0,1.0,0.0,1.0,0.0,0.0,0.0
34.0,0.0,33.0,13.0,7.0,7.0,0.0,0.0,0.0,1.0,0.0,1.0,0.0,0.0,0.0
1.0,0.0,1.0,5.0,2.0,2.0,4.0,3.0,3.0,0.0,0.0,0.0,10.4788,5.2394,5.2394
3.0,2.0,2.0,6.0,1.0,2.0,5.0,1.0,3.0,0.0,0.0,0.0,10.4788,0.0,5.2394
2.0,0.0,2.0,5.0,1.0,2.0,7.0,2.0,3.0,1.0,0.0,1.0,8.2334,0.0,5.2394
0.0,0.0,0.0,4.0,2.0,2.0,8.0,2.0,5.0,0.0,0.0,0.0,0.0,0.0,0.0
0.0,0.0,0.0,3.0,0.0,2.0,8.0,0.0,6.0,1.0,1.0,1.0,34.836,6.9672,20.9016
0.0,0.0,0.0,18.0,9.0,9.0,0.0,0.0,0.0,0.0,0.0,0.0,10.6242,10.6242,10.6242
1.0,0.0,1.0,4.0,0.0,2.0,0.0,0.0,0.0,1.0,0.0,1.0,78.7308,26.2436,26.2436
0.0,0.0,0.0,7.0,2.0,3.0,0.0,0.0,0.0,5.0,2.0,2.0,6.5139,2.1713,2.1713
0.0,0.0,0.0,7.0,2.0,3.0,0.0,0.0,0.0,7.0,0.0,3.0,31.253899999999998,0.0,20.8359
0.0,0.0,0.0,7.0,1.0,3.0,0.0,0.0,0.0,7.0,3.0,3.0,64.516,43.6801,43.6801
0.0,0.0,0.0,12.0,6.0,6.0,9.0,3.0,6.0,5.0,1.0,3.0,65.5202,21.8401,43.6801
0.0,0.0,0.0,2.0,0.0,1.0,0.0,0.0,0.0,11.0,2.0,4.0,178.8286,22.3536,67.0607
0.0,0.0,0.0,2.0,0.0,1.0,0.0,0.0,0.0,11.0,2.0,4.0,178.8286,22.3536,67.0607
0.0,0.0,0.0,2.0,0.0,1.0,0.0,0.0,0.0,11.0,2.0,4.0,178.8286,22.3536,67.0607
0.0,0.0,0.0,2.0,0.0,1.0,0.0,0.0,0.0,11.0,2.0,4.0,178.8286,22.3536,67.0607
0.0,0.0,0.0,6.0,1.0,2.0,1.0,0.0,1.0,6.0,3.0,3.0,54.6666,36.4444,36.4444
14.0,7.0,7.0,11.0,0.0,7.0,5.0,0.0,5.0,2.0,0.0,2.0,57.294799999999995,0.0,22.935
53.0,0.0,26.0,3.0,0.0,2.0,0.0,0.0,0.0,2.0,0.0,1.0,0.0,0.0,0.0
1.0,0.0,1.0,1.0,1.0,1.0,2.0,1.0,1.0,1.0,1.0,1.0,0.0,0.0,0.0
1.0,0.0,1.0,1.0,1.0,1.0,2.0,1.0,1.0,1.0,1.0,1.0,0.0,0.0,0.0
1.0,1.0,1.0,0.0,0.0,0.0,11.0,10.0,10.0,1.0,1.0,1.0,0.0,0.0,0.0
1.0,0.0,1.0,2.0,0.0,2.0,10.0,0.0,10.0,1.0,0.0,1.0,0.0,0.0,0.0
1.0,0.0,1.0,10.0,8.0,8.0,14.0,4.0,10.0,1.0,0.0,1.0,0.0,0.0,0.0
0.0,0.0,0.0,14.0,4.0,8.0,10.0,6.0,6.0,0.0,0.0,0.0,4.1807,4.1807,4.1807
0.0,0.0,0.0,14.0,4.0,8.0,10.0,6.0,6.0,0.0,0.0,0.0,4.1807,4.1807,4.1807
0.0,0.0,0.0,14.0,2.0,8.0,10.0,0.0,6.0,0.0,0.0,0.0,4.1807,0.0,4.1807
2.0,1.0,1.0,8.0,0.0,6.0,0.0,0.0,0.0,4.0,0.0,4.0,0.0,0.0,0.0
1.0,0.0,1.0,3.0,1.0,1.0,6.0,0.0,6.0,0.0,0.0,0.0,0.0,0.0,0.0
0.0,0.0,0.0,13.0,6.0,6.0,6.0,0.0,6.0,0.0,0.0,0.0,0.0,0.0,0.0
0.0,0.0,0.0,12.0,1.0,6.0,4.0,1.0,2.0,12.0,8.0,8.0,0.0,0.0,0.0
0.0,0.0,0.0,6.0,0.0,3.0,4.0,0.0,2.0,12.0,0.0,8.0,0.0,0.0,0.0
0.0,0.0,0.0,6.0,2.0,3.0,5.0,2.0,2.0,11.0,3.0,8.0,0.0,0.0,0.0
0.0,0.0,0.0,11.0,1.0,5.0,6.0,1.0,2.0,6.0,3.0,3.0,0.0,0.0,0.0
0.0,0.0,0.0,9.0,3.0,5.0,2.0,0.0,1.0,3.0,0.0,3.0,0.0,0.0,0.0
0.0,0.0,0.0,7.0,2.0,3.0,1.0,1.0,1.0,3.0,3.0,3.0,0.0,0.0,0.0
0.0,0.0,0.0,9.0,2.0,3.0,1.0,0.0,1.0,8.0,5.0,5.0,0.0,0.0,0.0
2.0,1.0,1.0,4.0,0.0,2.0,6.0,3.0,3.0,13.0,5.0,5.0,0.0,0.0,0.0
2.0,1.0,1.0,4.0,0.0,2.0,6.0,3.0,3.0,13.0,5.0,5.0,0.0,0.0,0.0
2.0,0.0,1.0,4.0,3.0,3.0,10.0,5.0,5.0,5.0,0.0,5.0,0.0,0.0,0.0
0.0,0.0,0.0,11.0,6.0,6.0,14.0,5.0,5.0,13.0,10.0,10.0,5.8239,0.0,5.8239
0.0,0.0,0.0,3.0,1.0,2.0,0.0,0.0,0.0,7.0,0.0,4.0,0.0,0.0,0.0
0.0,0.0,0.0,5.0,2.0,2.0,1.0,0.0,1.0,0.0,0.0,0.0,0.0,0.0,0.0
0.0,0.0,0.0,6.0,5.0,5.0,8.0,2.0,3.0,0.0,0.0,0.0,0.0,0.0,0.0
0.0,0.0,0.0,7.0,1.0,5.0,161.0,62.0,94.0,2.0,0.0,2.0,0.0,0.0,0.0
0.0,0.0,0.0,8.0,4.0,4.0,95.0,95.0,95.0,5.0,0.0,5.0,32.490700000000004,16.928,16.928
0.0,0.0,0.0,14.0,9.0,9.0,60.0,34.0,34.0,11.0,5.0,5.0,16.928,0.0,8.464
0.0,0.0,0.0,14.0,9.0,9.0,60.0,34.0,34.0,11.0,5.0,5.0,16.928,0.0,8.464
0.0,0.0,0.0,14.0,1.0,9.0,64.0,16.0,34.0,13.0,5.0,5.0,29.0796,12.1516,12.1516
0.0,0.0,0.0,14.0,1.0,9.0,64.0,16.0,34.0,13.0,5.0,5.0,29.0796,12.1516,12.1516
0.0,0.0,0.0,14.0,1.0,9.0,64.0,16.0,34.0,13.0,5.0,5.0,29.0796,12.1516,12.1516
0.0,0.0,0.0,14.0,1.0,9.0,64.0,16.0,34.0,13.0,5.0,5.0,29.0796,12.1516,12.1516
0.0,0.0,0.0,14.0,1.0,9.0,64.0,16.0,34.0,13.0,5.0,5.0,29.0796,12.1516,12.1516
0.0,0.0,0.0,13.0,1.0,9.0,87.0,25.0,34.0,13.0,0.0,5.0,20.6156,0.0,12.1516
0.0,0.0,0.0,13.0,1.0,9.0,87.0,25.0,34.0,13.0,0.0,5.0,20.6156,0.0,12.1516
0.0,0.0,0.0,13.0,1.0,9.0,87.0,25.0,34.0,13.0,0.0,5.0,20.6156,0.0,12.1516
1.0,1.0,1.0,12.0,1.0,9.0,92.0,17.0,34.0,10.0,0.0,5.0,18.2274,6.0758,12.1516
1.0,1.0,1.0,12.0,1.0,9.0,92.0,17.0,34.0,10.0,0.0,5.0,18.2274,6.0758,12.1516
1.0,1.0,1.0,12.0,1.0,9.0,92.0,17.0,34.0,10.0,0.0,5.0,18.2274,6.0758,12.1516
1.0,1.0,1.0,12.0,1.0,9.0,92.0,17.0,34.0,10.0,0.0,5.0,18.2274,6.0758,12.1516
1.0,0.0,1.0,7.0,4.0,4.0,66.0,8.0,25.0,5.0,0.0,5.0,30.378999999999998,12.1516,12.1516
1.0,0.0,1.0,7.0,4.0,4.0,66.0,8.0,25.0,5.0,0.0,5.0,30.378999999999998,12.1516,12.1516
1.0,0.0,1.0,7.0,4.0,4.0,66.0,8.0,25.0,5.0,0.0,5.0,30.378999999999998,12.1516,12.1516
1.0,0.0,1.0,7.0,4.0,4.0,66.0,8.0,25.0,5.0,0.0,5.0,30.378999999999998,12.1516,12.1516
1.0,0.0,1.0,7.0,4.0,4.0,66.0,8.0,25.0,5.0,0.0,5.0,30.378999999999998,12.1516,12.1516
1.0,0.0,1.0,7.0,4.0,4.0,66.0,8.0,25.0,5.0,0.0,5.0,30.378999999999998,12.1516,12.1516
1.0,0.0,1.0,8.0,2.0,4.0,93.0,43.0,43.0,0.0,0.0,0.0,36.4548,18.2274,18.2274
1.0,0.0,1.0,8.0,2.0,4.0,93.0,43.0,43.0,0.0,0.0,0.0,36.4548,18.2274,18.2274
1.0,0.0,1.0,8.0,2.0,4.0,93.0,43.0,43.0,0.0,0.0,0.0,36.4548,18.2274,18.2274
1.0,0.0,1.0,8.0,2.0,4.0,93.0,43.0,43.0,0.0,0.0,0.0,36.4548,18.2274,18.2274
1.0,0.0,1.0,8.0,2.0,4.0,93.0,43.0,43.0,0.0,0.0,0.0,36.4548,18.2274,18.2274
1.0,0.0,1.0,11.0,4.0,4.0,87.0,19.0,43.0,10.0,10.0,10.0,36.4548,0.0,18.2274
1.0,0.0,1.0,11.0,4.0,4.0,87.0,19.0,43.0,10.0,10.0,10.0,36.4548,0.0,18.2274
1.0,0.0,1.0,11.0,4.0,4.0,87.0,19.0,43.0,10.0,10.0,10.0,36.4548,0.0,18.2274
1.0,0.0,1.0,8.0,0.0,4.0,151.0,86.0,86.0,51.0,36.0,36.0,44.3925,17.4434,18.2274
1.0,0.0,1.0,8.0,0.0,4.0,151.0,86.0,86.0,51.0,36.0,36.0,44.3925,17.4434,18.2274
1.0,0.0,1.0,8.0,0.0,4.0,151.0,86.0,86.0,51.0,36.0,36.0,44.3925,17.4434,18.2274
1.0,0.0,1.0,9.0,3.0,4.0,110.0,2.0,86.0,56.0,5.0,36.0,34.8868,8.7217,17.4434
1.0,0.0,1.0,9.0,3.0,4.0,110.0,2.0,86.0,56.0,5.0,36.0,34.8868,8.7217,17.4434
2.0,1.0,1.0,6.0,1.0,3.0,100.0,9.0,86.0,49.0,3.0,36.0,34.8868,0.0,17.4434
2.0,1.0,1.0,6.0,1.0,3.0,100.0,9.0,86.0,49.0,3.0,36.0,34.8868,0.0,17.4434
2.0,1.0,1.0,6.0,1.0,3.0,100.0,9.0,86.0,49.0,3.0,36.0,34.8868,0.0,17.4434
2.0,1.0,1.0,6.0,1.0,3.0,100.0,9.0,86.0,49.0,3.0,36.0,34.8868,0.0,17.4434
0.0,0.0,0.0,7.0,0.0,4.0,307.0,89.0,89.0,5.0,0.0,3.0,80.14529999999999,26.7151,26.7151
0.0,0.0,0.0,7.0,0.0,4.0,307.0,89.0,89.0,5.0,0.0,3.0,80.14529999999999,26.7151,26.7151
0.0,0.0,0.0,7.0,0.0,4.0,307.0,89.0,89.0,5.0,0.0,3.0,80.14529999999999,26.7151,26.7151
0.0,0.0,0.0,7.0,0.0,4.0,307.0,89.0,89.0,5.0,0.0,3.0,80.14529999999999,26.7151,26.7151
0.0,0.0,0.0,7.0,0.0,4.0,307.0,89.0,89.0,5.0,0.0,3.0,80.14529999999999,26.7151,26.7151
0.0,0.0,0.0,7.0,0.0,4.0,307.0,89.0,89.0,5.0,0.0,3.0,80.14529999999999,26.7151,26.7151
0.0,0.0,0.0,9.0,4.0,4.0,306.0,55.0,89.0,4.0,2.0,2.0,53.4302,0.0,26.7151
0.0,0.0,0.0,9.0,4.0,4.0,306.0,55.0,89.0,4.0,2.0,2.0,53.4302,0.0,26.7151
0.0,0.0,0.0,9.0,4.0,4.0,306.0,55.0,89.0,4.0,2.0,2.0,53.4302,0.0,26.7151
0.0,0.0,0.0,9.0,4.0,4.0,306.0,55.0,89.0,4.0,2.0,2.0,53.4302,0.0,26.7151
3.0,1.0,2.0,35.0,12.0,14.0,92.0,2.0,42.0,7.0,0.0,4.0,21.7124,5.4281,10.8562
1.0,0.0,1.0,51.0,20.0,20.0,76.0,1.0,42.0,18.0,15.0,15.0,32.5687,16.2844,16.2844
1.0,0.0,1.0,62.0,16.0,20.0,47.0,2.0,42.0,26.0,8.0,15.0,90.51140000000001,57.9427,57.9427
1.0,0.0,1.0,71.0,23.0,23.0,5.0,0.0,2.0,37.0,14.0,15.0,98.96940000000001,19.3142,57.9427
1.0,0.0,1.0,71.0,23.0,23.0,5.0,0.0,2.0,37.0,14.0,15.0,98.96940000000001,19.3142,57.9427
1.0,0.0,1.0,71.0,23.0,23.0,5.0,0.0,2.0,37.0,14.0,15.0,98.96940000000001,19.3142,57.9427
1.0,0.0,1.0,71.0,23.0,23.0,5.0,0.0,2.0,37.0,14.0,15.0,98.96940000000001,19.3142,57.9427
1.0,0.0,1.0,71.0,23.0,23.0,5.0,0.0,2.0,37.0,14.0,15.0,98.96940000000001,19.3142,57.9427
0.0,0.0,0.0,74.0,15.0,23.0,33.0,30.0,30.0,58.0,21.0,21.0,112.8555,19.3142,57.9427
0.0,0.0,0.0,74.0,15.0,23.0,33.0,30.0,30.0,58.0,21.0,21.0,112.8555,19.3142,57.9427
0.0,0.0,0.0,74.0,15.0,23.0,33.0,30.0,30.0,58.0,21.0,21.0,112.8555,19.3142,57.9427
0.0,0.0,0.0,74.0,15.0,23.0,33.0,30.0,30.0,58.0,21.0,21.0,112.8555,19.3142,57.9427
0.0,0.0,0.0,74.0,15.0,23.0,33.0,30.0,30.0,58.0,21.0,21.0,112.8555,19.3142,57.9427
0.0,0.0,0.0,74.0,15.0,23.0,33.0,30.0,30.0,58.0,21.0,21.0,112.8555,19.3142,57.9427
0.0,0.0,0.0,74.0,15.0,23.0,33.0,30.0,30.0,58.0,21.0,21.0,112.8555,19.3142,57.9427
2.0,2.0,2.0,64.0,10.0,23.0,81.0,49.0,49.0,43.0,0.0,21.0,115.8853,19.3142,57.9427
2.0,2.0,2.0,64.0,10.0,23.0,81.0,49.0,49.0,43.0,0.0,21.0,115.8853,19.3142,57.9427
2.0,2.0,2.0,64.0,10.0,23.0,81.0,49.0,49.0,43.0,0.0,21.0,115.8853,19.3142,57.9427
3.0,0.0,2.0,57.0,8.0,23.0,128.0,2.0,49.0,16.0,4.0,7.0,88.6384,30.006,30.006
3.0,0.0,2.0,57.0,8.0,23.0,128.0,2.0,49.0,16.0,4.0,7.0,88.6384,30.006,30.006
3.0,0.0,2.0,57.0,8.0,23.0,128.0,2.0,49.0,16.0,4.0,7.0,88.6384,30.006,30.006
3.0,0.0,2.0,57.0,8.0,23.0,128.0,2.0,49.0,16.0,4.0,7.0,88.6384,30.006,30.006
1.0,0.0,1.0,64.0,17.0,23.0,79.0,0.0,46.0,30.0,14.0,14.0,69.3242,0.0,30.006
1.0,1.0,1.0,61.0,20.0,20.0,115.0,67.0,67.0,31.0,6.0,14.0,80.016,30.006,30.006
1.0,0.0,1.0,62.0,17.0,20.0,116.0,47.0,67.0,26.0,2.0,14.0,90.018,30.006,30.006
1.0,0.0,1.0,62.0,17.0,20.0,116.0,47.0,67.0,26.0,2.0,14.0,90.018,30.006,30.006
1.0,0.0,1.0,54.0,0.0,20.0,151.0,37.0,67.0,27.0,5.0,14.0,65.3856,5.3736,30.006
1.0,0.0,1.0,54.0,0.0,20.0,151.0,37.0,67.0,27.0,5.0,14.0,65.3856,5.3736,30.006
1.0,0.0,1.0,54.0,0.0,20.0,151.0,37.0,67.0,27.0,5.0,14.0,65.3856,5.3736,30.006
1.0,0.0,1.0,54.0,0.0,20.0,151.0,37.0,67.0,27.0,5.0,14.0,65.3856,5.3736,30.006
1.0,0.0,1.0,54.0,0.0,20.0,151.0,37.0,67.0,27.0,5.0,14.0,65.3856,5.3736,30.006
1.0,0.0,1.0,41.0,4.0,20.0,182.0,31.0,67.0,18.0,5.0,6.0,76.1328,10.7472,30.006
1.0,0.0,1.0,41.0,4.0,20.0,182.0,31.0,67.0,18.0,5.0,6.0,76.1328,10.7472,30.006
1.0,0.0,1.0,41.0,4.0,20.0,182.0,31.0,67.0,18.0,5.0,6.0,76.1328,10.7472,30.006
0.0,0.0,0.0,23.0,2.0,17.0,167.0,52.0,52.0,14.0,2.0,5.0,62.24759999999999,16.1208,30.006
0.0,0.0,0.0,23.0,2.0,17.0,167.0,52.0,52.0,14.0,2.0,5.0,62.24759999999999,16.1208,30.006
0.0,0.0,0.0,23.0,2.0,17.0,167.0,52.0,52.0,14.0,2.0,5.0,62.24759999999999,16.1208,30.006
0.0,0.0,0.0,23.0,2.0,17.0,167.0,52.0,52.0,14.0,2.0,5.0,62.24759999999999,16.1208,30.006
0.0,0.0,0.0,23.0,2.0,17.0,167.0,52.0,52.0,14.0,2.0,5.0,62.24759999999999,16.1208,30.006
0.0,0.0,0.0,23.0,2.0,17.0,167.0,52.0,52.0,14.0,2.0,5.0,62.24759999999999,16.1208,30.006
0.0,0.0,0.0,23.0,2.0,17.0,167.0,52.0,52.0,14.0,2.0,5.0,62.24759999999999,16.1208,30.006
0.0,0.0,0.0,12.0,1.0,5.0,0.0,0.0,0.0,142.0,52.0,52.0,58.0694,9.6782,29.0347
1.0,0.0,1.0,14.0,3.0,5.0,0.0,0.0,0.0,17.0,3.0,10.0,12.2701,0.0,7.1461
0.0,0.0,0.0,3.0,0.0,3.0,0.0,0.0,0.0,16.0,2.0,7.0,25.7665,10.3066,15.4599
0.0,0.0,0.0,7.0,2.0,3.0,0.0,0.0,0.0,15.0,1.0,6.0,8.0458,0.0,8.0458
0.0,0.0,0.0,7.0,2.0,3.0,0.0,0.0,0.0,15.0,1.0,6.0,8.0458,0.0,8.0458
0.0,0.0,0.0,7.0,2.0,3.0,0.0,0.0,0.0,15.0,1.0,6.0,8.0458,0.0,8.0458
0.0,0.0,0.0,8.0,2.0,3.0,0.0,0.0,0.0,11.0,1.0,6.0,7.6995,7.6995,7.6995
0.0,0.0,0.0,8.0,2.0,3.0,0.0,0.0,0.0,11.0,1.0,6.0,7.6995,7.6995,7.6995
0.0,0.0,0.0,10.0,3.0,3.0,16.0,16.0,16.0,5.0,0.0,3.0,15.399,7.6995,7.6995
0.0,0.0,0.0,10.0,3.0,3.0,16.0,16.0,16.0,5.0,0.0,3.0,15.399,7.6995,7.6995
0.0,0.0,0.0,10.0,3.0,3.0,16.0,16.0,16.0,5.0,0.0,3.0,15.399,7.6995,7.6995
0.0,0.0,0.0,1.0,0.0,1.0,0.0,0.0,0.0,15.0,0.0,12.0,8.3399,0.0,8.3399
1.0,1.0,1.0,5.0,2.0,2.0,0.0,0.0,0.0,19.0,10.0,10.0,20.576,12.2361,12.2361
1.0,1.0,1.0,5.0,2.0,2.0,0.0,0.0,0.0,19.0,10.0,10.0,20.576,12.2361,12.2361
2.0,0.0,1.0,11.0,3.0,4.0,0.0,0.0,0.0,21.0,11.0,11.0,24.4722,0.0,12.2361
2.0,0.0,1.0,11.0,3.0,4.0,0.0,0.0,0.0,21.0,11.0,11.0,24.4722,0.0,12.2361
2.0,0.0,1.0,9.0,0.0,4.0,0.0,0.0,0.0,33.0,12.0,12.0,24.4722,0.0,12.2361
2.0,0.0,1.0,9.0,0.0,4.0,0.0,0.0,0.0,33.0,12.0,12.0,24.4722,0.0,12.2361
2.0,0.0,1.0,9.0,0.0,4.0,0.0,0.0,0.0,33.0,12.0,12.0,24.4722,0.0,12.2361
0.0,0.0,0.0,5.0,1.0,2.0,17.0,5.0,8.0,11.0,0.0,9.0,0.0,0.0,0.0
0.0,0.0,0.0,3.0,2.0,2.0,6.0,0.0,3.0,9.0,0.0,9.0,33.6518,5.6736,11.3473
0.0,0.0,0.0,3.0,2.0,2.0,6.0,0.0,3.0,9.0,0.0,9.0,33.6518,5.6736,11.3473
0.0,0.0,0.0,3.0,2.0,2.0,6.0,0.0,3.0,9.0,0.0,9.0,33.6518,5.6736,11.3473
0.0,0.0,0.0,3.0,2.0,2.0,6.0,0.0,3.0,9.0,0.0,9.0,33.6518,5.6736,11.3473
0.0,0.0,0.0,3.0,1.0,1.0,24.0,0.0,20.0,17.0,6.0,11.0,45.389,22.6945,22.6945
0.0,0.0,0.0,2.0,0.0,1.0,7.0,0.0,7.0,20.0,8.0,8.0,91.3495,22.885,34.3275
0.0,0.0,0.0,2.0,0.0,1.0,7.0,0.0,7.0,20.0,8.0,8.0,91.3495,22.885,34.3275
0.0,0.0,0.0,1.0,1.0,1.0,7.0,0.0,7.0,13.0,3.0,8.0,57.212500000000006,0.0,34.3275
1.0,1.0,1.0,2.0,1.0,1.0,0.0,0.0,0.0,11.0,0.0,8.0,22.885,0.0,22.885
2.0,1.0,1.0,3.0,0.0,1.0,31.0,29.0,29.0,13.0,10.0,10.0,16.3469,16.3469,16.3469
0.0,0.0,0.0,5.0,2.0,2.0,26.0,1.0,22.0,26.0,13.0,13.0,32.522200000000005,5.3346,16.3469
0.0,0.0,0.0,4.0,2.0,2.0,3.0,2.0,2.0,34.0,5.0,16.0,21.338300000000004,5.3346,10.6691
0.0,0.0,0.0,4.0,2.0,2.0,3.0,2.0,2.0,34.0,5.0,16.0,21.338300000000004,5.3346,10.6691
0.0,0.0,0.0,4.0,3.0,3.0,27.0,5.0,10.0,36.0,15.0,15.0,35.8458,11.1131,11.1131
0.0,0.0,0.0,4.0,0.0,3.0,23.0,2.0,10.0,32.0,3.0,15.0,47.37479999999999,19.6013,19.6013
0.0,0.0,0.0,5.0,1.0,3.0,14.0,1.0,6.0,22.0,4.0,15.0,58.970800000000004,18.6565,19.6013
0.0,0.0,0.0,2.0,0.0,2.0,3.0,0.0,2.0,11.0,0.0,4.0,37.78530000000001,21.3428,21.3428
0.0,0.0,0.0,2.0,0.0,2.0,3.0,0.0,2.0,11.0,0.0,4.0,37.78530000000001,21.3428,21.3428
0.0,0.0,0.0,4.0,1.0,1.0,0.0,0.0,0.0,32.0,0.0,16.0,21.4312,0.0,10.7156
0.0,0.0,0.0,8.0,5.0,5.0,0.0,0.0,0.0,22.0,0.0,16.0,21.4312,0.0,10.7156
0.0,0.0,0.0,8.0,1.0,5.0,57.0,57.0,57.0,6.0,0.0,6.0,10.7156,0.0,10.7156
1.0,1.0,1.0,11.0,4.0,5.0,72.0,15.0,57.0,14.0,14.0,14.0,0.0,0.0,0.0
0.0,0.0,0.0,1.0,0.0,1.0,0.0,0.0,0.0,2.0,0.0,2.0,17.1388,0.0,17.1388
0.0,0.0,0.0,1.0,0.0,1.0,0.0,0.0,0.0,2.0,0.0,2.0,17.1388,0.0,17.1388
0.0,0.0,0.0,0.0,0.0,0.0,277.0,173.0,173.0,4.0,0.0,4.0,53.8648,26.9324,26.9324
0.0,0.0,0.0,2.0,2.0,2.0,339.0,0.0,173.0,4.0,0.0,4.0,145.1264,45.6308,45.6308
0.0,0.0,0.0,3.0,1.0,2.0,238.0,3.0,173.0,0.0,0.0,0.0,118.19399999999999,0.0,45.6308
0.0,0.0,0.0,6.0,3.0,3.0,108.0,43.0,62.0,0.0,0.0,0.0,91.2616,0.0,45.6308
0.0,0.0,0.0,6.0,0.0,3.0,220.0,174.0,174.0,0.0,0.0,0.0,45.6308,0.0,45.6308
0.0,0.0,0.0,6.0,0.0,3.0,220.0,174.0,174.0,0.0,0.0,0.0,45.6308,0.0,45.6308
0.0,0.0,0.0,6.0,0.0,3.0,220.0,174.0,174.0,0.0,0.0,0.0,45.6308,0.0,45.6308
0.0,0.0,0.0,6.0,0.0,3.0,220.0,174.0,174.0,0.0,0.0,0.0,45.6308,0.0,45.6308
0.0,0.0,0.0,7.0,3.0,3.0,226.0,6.0,174.0,0.0,0.0,0.0,115.2494,115.2494,115.2494
0.0,0.0,0.0,7.0,3.0,3.0,226.0,6.0,174.0,0.0,0.0,0.0,115.2494,115.2494,115.2494
0.0,0.0,0.0,75.0,9.0,63.0,473.0,140.0,174.0,5.0,3.0,3.0,153.6659,38.4165,115.2494
0.0,0.0,0.0,75.0,9.0,63.0,473.0,140.0,174.0,5.0,3.0,3.0,153.6659,38.4165,115.2494
0.0,0.0,0.0,75.0,9.0,63.0,473.0,140.0,174.0,5.0,3.0,3.0,153.6659,38.4165,115.2494
0.0,0.0,0.0,75.0,9.0,63.0,473.0,140.0,174.0,5.0,3.0,3.0,153.6659,38.4165,115.2494
0.0,0.0,0.0,11.0,0.0,9.0,300.0,19.0,140.0,3.0,0.0,3.0,129.6009,14.3514,38.4165
0.0,0.0,0.0,1.0,0.0,1.0,158.0,0.0,91.0,0.0,0.0,0.0,14.3514,0.0,14.3514
0.0,0.0,0.0,1.0,0.0,1.0,158.0,0.0,91.0,0.0,0.0,0.0,14.3514,0.0,14.3514
0.0,0.0,0.0,1.0,0.0,1.0,140.0,1.0,91.0,0.0,0.0,0.0,0.0,0.0,0.0
0.0,0.0,0.0,3.0,0.0,2.0,9.0,0.0,8.0,3.0,0.0,3.0,0.0,0.0,0.0
0.0,0.0,0.0,3.0,0.0,2.0,9.0,0.0,8.0,3.0,0.0,3.0,0.0,0.0,0.0
0.0,0.0,0.0,3.0,0.0,2.0,9.0,0.0,8.0,3.0,0.0,3.0,0.0,0.0,0.0
0.0,0.0,0.0,4.0,1.0,2.0,8.0,0.0,8.0,3.0,0.0,3.0,0.0,0.0,0.0
4.0,4.0,4.0,2.0,1.0,1.0,6.0,3.0,3.0,4.0,0.0,4.0,0.0,0.0,0.0
4.0,4.0,4.0,2.0,1.0,1.0,6.0,3.0,3.0,4.0,0.0,4.0,0.0,0.0,0.0
5.0,1.0,4.0,3.0,2.0,2.0,56.0,50.0,50.0,4.0,0.0,4.0,0.0,0.0,0.0
5.0,1.0,4.0,3.0,2.0,2.0,56.0,50.0,50.0,4.0,0.0,4.0,0.0,0.0,0.0
6.0,0.0,4.0,5.0,2.0,2.0,57.0,3.0,50.0,0.0,0.0,0.0,2.9615,2.9615,2.9615
6.0,0.0,4.0,5.0,2.0,2.0,57.0,3.0,50.0,0.0,0.0,0.0,2.9615,2.9615,2.9615
3.0,1.0,1.0,4.0,0.0,2.0,69.0,15.0,50.0,6.0,6.0,6.0,2.9615,0.0,2.9615
3.0,1.0,1.0,4.0,0.0,2.0,69.0,15.0,50.0,6.0,6.0,6.0,2.9615,0.0,2.9615
2.0,0.0,1.0,4.0,2.0,2.0,43.0,24.0,24.0,6.0,0.0,6.0,2.9615,0.0,2.9615
2.0,0.0,1.0,4.0,2.0,2.0,43.0,24.0,24.0,6.0,0.0,6.0,2.9615,0.0,2.9615
1.0,0.0,1.0,4.0,0.0,2.0,46.0,4.0,24.0,6.0,0.0,6.0,2.9615,0.0,2.9615
1.0,0.0,1.0,4.0,0.0,2.0,46.0,4.0,24.0,6.0,0.0,6.0,2.9615,0.0,2.9615
1.0,0.0,1.0,4.0,0.0,2.0,46.0,4.0,24.0,6.0,0.0,6.0,2.9615,0.0,2.9615
1.0,0.0,1.0,2.0,0.0,2.0,64.0,21.0,24.0,24.0,18.0,18.0,2.8271,2.8271,2.8271
1.0,0.0,1.0,2.0,0.0,2.0,64.0,21.0,24.0,24.0,18.0,18.0,2.8271,2.8271,2.8271
1.0,0.0,1.0,2.0,0.0,2.0,64.0,21.0,24.0,24.0,18.0,18.0,2.8271,2.8271,2.8271
0.0,0.0,0.0,2.0,0.0,2.0,49.0,0.0,24.0,20.0,2.0,18.0,2.8271,0.0,2.8271
0.0,0.0,0.0,2.0,0.0,2.0,49.0,0.0,24.0,20.0,2.0,18.0,2.8271,0.0,2.8271
0.0,0.0,0.0,2.0,0.0,2.0,49.0,0.0,24.0,20.0,2.0,18.0,2.8271,0.0,2.8271
0.0,0.0,0.0,2.0,0.0,2.0,49.0,0.0,24.0,20.0,2.0,18.0,2.8271,0.0,2.8271
0.0,0.0,0.0,2.0,0.0,2.0,49.0,0.0,24.0,20.0,2.0,18.0,2.8271,0.0,2.8271
2.0,2.0,2.0,3.0,3.0,3.0,25.0,0.0,21.0,20.0,0.0,18.0,5.5342,2.7071,2.8271
2.0,0.0,2.0,5.0,2.0,3.0,32.0,11.0,21.0,20.0,0.0,18.0,5.5342,0.0,2.8271
2.0,0.0,2.0,5.0,0.0,3.0,23.0,12.0,12.0,2.0,0.0,2.0,2.7071,0.0,2.7071
2.0,0.0,2.0,5.0,0.0,3.0,23.0,12.0,12.0,2.0,0.0,2.0,2.7071,0.0,2.7071
0.0,0.0,0.0,6.0,2.0,2.0,23.0,0.0,12.0,4.0,4.0,4.0,0.0,0.0,0.0
0.0,0.0,0.0,4.0,0.0,2.0,12.0,0.0,12.0,4.0,0.0,4.0,0.0,0.0,0.0
0.0,0.0,0.0,4.0,0.0,2.0,12.0,0.0,12.0,4.0,0.0,4.0,0.0,0.0,0.0
1.0,1.0,1.0,4.0,0.0,2.0,7.0,7.0,7.0,6.0,2.0,4.0,0.0,0.0,0.0
1.0,0.0,1.0,2.0,0.0,2.0,20.0,13.0,13.0,6.0,0.0,4.0,0.0,0.0,0.0
1.0,0.0,1.0,2.0,0.0,2.0,20.0,13.0,13.0,6.0,0.0,4.0,0.0,0.0,0.0
1.0,0.0,1.0,2.0,0.0,2.0,20.0,13.0,13.0,6.0,0.0,4.0,0.0,0.0,0.0
1.0,0.0,1.0,4.0,2.0,2.0,37.0,1.0,16.0,2.0,0.0,2.0,0.0,0.0,0.0
1.0,0.0,1.0,4.0,2.0,2.0,37.0,1.0,16.0,2.0,0.0,2.0,0.0,0.0,0.0
0.0,0.0,0.0,6.0,2.0,2.0,30.0,0.0,16.0,0.0,0.0,0.0,0.0,0.0,0.0
0.0,0.0,0.0,6.0,2.0,2.0,30.0,0.0,16.0,0.0,0.0,0.0,0.0,0.0,0.0
0.0,0.0,0.0,8.0,2.0,2.0,20.0,3.0,16.0,3.0,3.0,3.0,6.0641,6.0641,6.0641
0.0,0.0,0.0,8.0,2.0,2.0,20.0,3.0,16.0,3.0,3.0,3.0,6.0641,6.0641,6.0641
0.0,0.0,0.0,8.0,2.0,2.0,5.0,1.0,3.0,6.0,3.0,3.0,6.0641,0.0,6.0641
0.0,0.0,0.0,7.0,1.0,2.0,4.0,0.0,3.0,12.0,6.0,6.0,6.0641,0.0,6.0641
0.0,0.0,0.0,7.0,2.0,2.0,4.0,0.0,3.0,12.0,0.0,6.0,6.0641,0.0,6.0641
0.0,0.0,0.0,7.0,2.0,2.0,4.0,0.0,3.0,12.0,0.0,6.0,6.0641,0.0,6.0641
0.0,0.0,0.0,5.0,0.0,2.0,1.0,0.0,1.0,9.0,0.0,6.0,0.0,0.0,0.0
0.0,0.0,0.0,5.0,0.0,2.0,1.0,0.0,1.0,9.0,0.0,6.0,0.0,0.0,0.0
0.0,0.0,0.0,5.0,0.0,2.0,1.0,0.0,1.0,9.0,0.0,6.0,0.0,0.0,0.0
0.0,0.0,0.0,5.0,0.0,2.0,1.0,0.0,1.0,9.0,0.0,6.0,0.0,0.0,0.0
0.0,0.0,0.0,24.0,4.0,10.0,75.0,24.0,24.0,3.0,0.0,3.0,0.0,0.0,0.0
0.0,0.0,0.0,21.0,6.0,6.0,69.0,9.0,24.0,10.0,7.0,7.0,0.0,0.0,0.0
0.0,0.0,0.0,10.0,0.0,5.0,11.0,3.0,3.0,0.0,0.0,0.0,0.0,0.0,0.0
0.0,0.0,0.0,8.0,2.0,3.0,103.0,3.0,86.0,0.0,0.0,0.0,0.0,0.0,0.0
0.0,0.0,0.0,10.0,4.0,4.0,53.0,40.0,40.0,0.0,0.0,0.0,0.0,0.0,0.0
0.0,0.0,0.0,5.0,0.0,3.0,40.0,2.0,24.0,0.0,0.0,0.0,0.0,0.0,0.0
1.0,0.0,1.0,10.0,2.0,5.0,80.0,52.0,52.0,0.0,0.0,0.0,0.0,0.0,0.0
1.0,0.0,1.0,9.0,1.0,3.0,109.0,19.0,52.0,0.0,0.0,0.0,0.0,0.0,0.0
1.0,0.0,1.0,9.0,1.0,3.0,109.0,19.0,52.0,0.0,0.0,0.0,0.0,0.0,0.0
1.0,0.0,1.0,9.0,1.0,3.0,109.0,19.0,52.0,0.0,0.0,0.0,0.0,0.0,0.0
1.0,0.0,1.0,8.0,2.0,3.0,133.0,43.0,52.0,3.0,3.0,3.0,0.0,0.0,0.0
1.0,0.0,1.0,9.0,3.0,3.0,95.0,14.0,43.0,3.0,0.0,3.0,0.0,0.0,0.0
1.0,0.0,1.0,9.0,3.0,3.0,95.0,14.0,43.0,3.0,0.0,3.0,0.0,0.0,0.0
0.0,0.0,0.0,7.0,1.0,3.0,87.0,11.0,43.0,3.0,0.0,3.0,0.0,0.0,0.0
0.0,0.0,0.0,7.0,1.0,3.0,87.0,11.0,43.0,3.0,0.0,3.0,0.0,0.0,0.0
0.0,0.0,0.0,9.0,3.0,3.0,79.0,11.0,43.0,3.0,0.0,3.0,0.0,0.0,0.0
0.0,0.0,0.0,9.0,2.0,3.0,45.0,9.0,14.0,6.0,6.0,6.0,0.0,0.0,0.0
0.0,0.0,0.0,9.0,3.0,3.0,37.0,6.0,11.0,11.0,5.0,6.0,0.0,0.0,0.0
3.0,3.0,3.0,13.0,5.0,5.0,30.0,4.0,11.0,11.0,0.0,6.0,0.0,0.0,0.0
3.0,3.0,3.0,13.0,5.0,5.0,30.0,4.0,11.0,11.0,0.0,6.0,0.0,0.0,0.0
4.0,1.0,3.0,12.0,2.0,5.0,22.0,3.0,9.0,11.0,0.0,6.0,0.0,0.0,0.0
4.0,1.0,3.0,12.0,2.0,5.0,22.0,3.0,9.0,11.0,0.0,6.0,0.0,0.0,0.0
5.0,1.0,3.0,14.0,4.0,5.0,17.0,4.0,6.0,5.0,0.0,5.0,0.0,0.0,0.0
5.0,1.0,3.0,14.0,4.0,5.0,17.0,4.0,6.0,5.0,0.0,5.0,0.0,0.0,0.0
5.0,0.0,3.0,17.0,6.0,6.0,14.0,3.0,4.0,5.0,5.0,5.0,0.0,0.0,0.0
2.0,0.0,1.0,17.0,5.0,6.0,12.0,2.0,4.0,12.0,7.0,7.0,0.0,0.0,0.0
2.0,0.0,1.0,17.0,5.0,6.0,12.0,2.0,4.0,12.0,7.0,7.0,0.0,0.0,0.0
1.0,0.0,1.0,18.0,3.0,6.0,10.0,1.0,4.0,21.0,9.0,9.0,0.0,0.0,0.0
1.0,0.0,1.0,18.0,3.0,6.0,10.0,1.0,4.0,21.0,9.0,9.0,0.0,0.0,0.0
1.0,0.0,1.0,18.0,3.0,6.0,10.0,1.0,4.0,21.0,9.0,9.0,0.0,0.0,0.0
1.0,0.0,1.0,14.0,3.0,5.0,8.0,3.0,3.0,21.0,5.0,9.0,0.0,0.0,0.0
1.0,0.0,1.0,18.0,9.0,9.0,9.0,3.0,3.0,19.0,5.0,9.0,0.0,0.0,0.0
1.0,0.0,1.0,18.0,9.0,9.0,9.0,3.0,3.0,19.0,5.0,9.0,0.0,0.0,0.0
0.0,0.0,0.0,12.0,3.0,5.0,10.0,1.0,4.0,12.0,12.0,12.0,20.396,0.0,20.396
0.0,0.0,0.0,11.0,4.0,4.0,8.0,2.0,3.0,17.0,5.0,12.0,22.6937,22.6937,22.6937
0.0,0.0,0.0,11.0,4.0,4.0,8.0,2.0,3.0,17.0,5.0,12.0,22.6937,22.6937,22.6937
0.0,0.0,0.0,7.0,5.0,5.0,4.0,3.0,3.0,0.0,0.0,0.0,0.0,0.0,0.0
0.0,0.0,0.0,7.0,5.0,5.0,4.0,3.0,3.0,0.0,0.0,0.0,0.0,0.0,0.0
0.0,0.0,0.0,10.0,4.0,5.0,5.0,2.0,3.0,0.0,0.0,0.0,0.0,0.0,0.0
0.0,0.0,0.0,10.0,4.0,5.0,5.0,2.0,3.0,0.0,0.0,0.0,0.0,0.0,0.0
0.0,0.0,0.0,14.0,5.0,5.0,9.0,4.0,4.0,0.0,0.0,0.0,0.0,0.0,0.0
0.0,0.0,0.0,14.0,5.0,5.0,9.0,4.0,4.0,0.0,0.0,0.0,0.0,0.0,0.0
0.0,0.0,0.0,18.0,4.0,5.0,10.0,1.0,4.0,0.0,0.0,0.0,0.0,0.0,0.0
0.0,0.0,0.0,18.0,4.0,5.0,10.0,1.0,4.0,0.0,0.0,0.0,0.0,0.0,0.0
0.0,0.0,0.0,18.0,4.0,5.0,10.0,1.0,4.0,0.0,0.0,0.0,0.0,0.0,0.0
0.0,0.0,0.0,76.0,62.0,62.0,6.0,0.0,4.0,0.0,0.0,0.0,0.0,0.0,0.0
0.0,0.0,0.0,71.0,0.0,62.0,2.0,0.0,1.0,0.0,0.0,0.0,0.0,0.0,0.0
0.0,0.0,0.0,71.0,0.0,62.0,2.0,0.0,1.0,0.0,0.0,0.0,0.0,0.0,0.0
0.0,0.0,0.0,68.0,3.0,62.0,2.0,2.0,2.0,0.0,0.0,0.0,0.0,0.0,0.0
0.0,0.0,0.0,68.0,3.0,62.0,2.0,2.0,2.0,0.0,0.0,0.0,0.0,0.0,0.0
0.0,0.0,0.0,17.0,11.0,11.0,2.0,0.0,2.0,0.0,0.0,0.0,0.0,0.0,0.0
0.0,0.0,0.0,20.0,3.0,11.0,2.0,0.0,2.0,5.0,5.0,5.0,0.0,0.0,0.0
0.0,0.0,0.0,20.0,3.0,11.0,2.0,0.0,2.0,5.0,5.0,5.0,0.0,0.0,0.0
0.0,0.0,0.0,26.0,8.0,11.0,7.0,6.0,6.0,9.0,4.0,5.0,0.0,0.0,0.0
0.0,0.0,0.0,15.0,0.0,8.0,7.0,0.0,6.0,9.0,0.0,5.0,0.0,0.0,0.0
0.0,0.0,0.0,15.0,0.0,8.0,7.0,0.0,6.0,9.0,0.0,5.0,0.0,0.0,0.0
0.0,0.0,0.0,17.0,5.0,8.0,8.0,1.0,6.0,4.0,0.0,4.0,3.4493,3.4493,3.4493
0.0,0.0,0.0,17.0,5.0,8.0,8.0,1.0,6.0,4.0,0.0,4.0,3.4493,3.4493,3.4493
0.0,0.0,0.0,12.0,4.0,5.0,8.0,5.0,5.0,0.0,0.0,0.0,3.4493,0.0,3.4493
0.0,0.0,0.0,20.0,8.0,8.0,12.0,4.0,5.0,5.0,5.0,5.0,3.4493,0.0,3.4493
0.0,0.0,0.0,16.0,3.0,8.0,18.0,8.0,8.0,5.0,0.0,5.0,12.0413,12.0413,12.0413
0.0,0.0,0.0,16.0,3.0,8.0,18.0,8.0,8.0,5.0,0.0,5.0,12.0413,12.0413,12.0413
0.0,0.0,0.0,16.0,3.0,8.0,18.0,8.0,8.0,5.0,0.0,5.0,12.0413,12.0413,12.0413
0.0,0.0,0.0,14.0,2.0,8.0,14.0,1.0,8.0,5.0,0.0,5.0,24.0826,12.0413,12.0413
0.0,0.0,0.0,14.0,8.0,8.0,12.0,2.0,8.0,0.0,0.0,0.0,36.1239,12.0413,12.0413
0.0,0.0,0.0,20.0,7.0,8.0,12.0,1.0,8.0,0.0,0.0,0.0,36.1239,0.0,12.0413
0.0,0.0,0.0,31.0,14.0,14.0,5.0,1.0,2.0,0.0,0.0,0.0,24.0826,0.0,12.0413
0.0,0.0,0.0,31.0,14.0,14.0,5.0,1.0,2.0,0.0,0.0,0.0,24.0826,0.0,12.0413
0.0,0.0,0.0,35.0,6.0,14.0,10.0,6.0,6.0,0.0,0.0,0.0,20.1925,8.1512,12.0413
0.0,0.0,0.0,32.0,5.0,14.0,15.0,7.0,7.0,0.0,0.0,0.0,8.1512,0.0,8.1512
0.0,0.0,0.0,32.0,5.0,14.0,15.0,7.0,7.0,0.0,0.0,0.0,8.1512,0.0,8.1512
0.0,0.0,0.0,18.0,6.0,6.0,23.0,5.0,7.0,4.0,0.0,4.0,8.1512,0.0,8.1512
0.0,0.0,0.0,12.0,2.0,6.0,18.0,5.0,5.0,4.0,0.0,4.0,0.0,0.0,0.0
0.0,0.0,0.0,15.0,4.0,6.0,13.0,0.0,5.0,0.0,0.0,0.0,0.0,0.0,0.0
0.0,0.0,0.0,15.0,4.0,6.0,13.0,0.0,5.0,0.0,0.0,0.0,0.0,0.0,0.0
0.0,0.0,0.0,15.0,4.0,6.0,13.0,0.0,5.0,0.0,0.0,0.0,0.0,0.0,0.0
0.0,0.0,0.0,11.0,2.0,4.0,12.0,4.0,5.0,0.0,0.0,0.0,0.0,0.0,0.0
0.0,0.0,0.0,14.0,6.0,6.0,19.0,10.0,10.0,0.0,0.0,0.0,0.0,0.0,0.0
0.0,0.0,0.0,14.0,6.0,6.0,19.0,10.0,10.0,0.0,0.0,0.0,0.0,0.0,0.0
0.0,0.0,0.0,14.0,6.0,6.0,19.0,10.0,10.0,0.0,0.0,0.0,0.0,0.0,0.0
0.0,0.0,0.0,14.0,2.0,6.0,48.0,34.0,34.0,0.0,0.0,0.0,0.0,0.0,0.0
0.0,0.0,0.0,14.0,2.0,6.0,48.0,34.0,34.0,0.0,0.0,0.0,0.0,0.0,0.0
0.0,0.0,0.0,14.0,2.0,6.0,48.0,34.0,34.0,0.0,0.0,0.0,0.0,0.0,0.0
0.0,0.0,0.0,14.0,2.0,6.0,48.0,34.0,34.0,0.0,0.0,0.0,0.0,0.0,0.0
0.0,0.0,0.0,28.0,6.0,14.0,58.0,6.0,34.0,0.0,0.0,0.0,0.0,0.0,0.0
0.0,0.0,0.0,28.0,6.0,14.0,58.0,6.0,34.0,0.0,0.0,0.0,0.0,0.0,0.0
0.0,0.0,0.0,28.0,6.0,14.0,58.0,6.0,34.0,0.0,0.0,0.0,0.0,0.0,0.0
0.0,0.0,0.0,28.0,6.0,14.0,58.0,6.0,34.0,0.0,0.0,0.0,0.0,0.0,0.0
0.0,0.0,0.0,28.0,6.0,14.0,58.0,6.0,34.0,0.0,0.0,0.0,0.0,0.0,0.0
0.0,0.0,0.0,24.0,2.0,14.0,49.0,1.0,34.0,0.0,0.0,0.0,0.0,0.0,0.0
0.0,0.0,0.0,24.0,2.0,14.0,49.0,1.0,34.0,0.0,0.0,0.0,0.0,0.0,0.0
0.0,0.0,0.0,29.0,7.0,14.0,29.0,14.0,14.0,0.0,0.0,0.0,0.0,0.0,0.0
0.0,0.0,0.0,17.0,2.0,7.0,27.0,6.0,14.0,0.0,0.0,0.0,0.0,0.0,0.0
0.0,0.0,0.0,14.0,3.0,7.0,22.0,1.0,14.0,0.0,0.0,0.0,0.0,0.0,0.0
0.0,0.0,0.0,14.0,7.0,7.0,14.0,6.0,6.0,0.0,0.0,0.0,0.0,0.0,0.0
0.0,0.0,0.0,14.0,7.0,7.0,14.0,6.0,6.0,0.0,0.0,0.0,0.0,0.0,0.0
0.0,0.0,0.0,17.0,5.0,7.0,19.0,11.0,11.0,0.0,0.0,0.0,2.6957,2.6957,2.6957
0.0,0.0,0.0,29.0,13.0,13.0,42.0,16.0,16.0,0.0,0.0,0.0,4.4928,0.0,2.6957
0.0,0.0,0.0,29.0,13.0,13.0,42.0,16.0,16.0,0.0,0.0,0.0,4.4928,0.0,2.6957
0.0,0.0,0.0,29.0,13.0,13.0,42.0,16.0,16.0,0.0,0.0,0.0,4.4928,0.0,2.6957
0.0,0.0,0.0,29.0,13.0,13.0,42.0,16.0,16.0,0.0,0.0,0.0,4.4928,0.0,2.6957
0.0,0.0,0.0,121.0,99.0,99.0,37.0,1.0,16.0,0.0,0.0,0.0,4.4928,0.0,2.6957
0.0,0.0,0.0,121.0,99.0,99.0,37.0,1.0,16.0,0.0,0.0,0.0,4.4928,0.0,2.6957
0.0,0.0,0.0,121.0,99.0,99.0,37.0,1.0,16.0,0.0,0.0,0.0,4.4928,0.0,2.6957
0.0,0.0,0.0,121.0,99.0,99.0,37.0,1.0,16.0,0.0,0.0,0.0,4.4928,0.0,2.6957
0.0,0.0,0.0,121.0,99.0,99.0,37.0,1.0,16.0,0.0,0.0,0.0,4.4928,0.0,2.6957
0.0,0.0,0.0,125.0,9.0,99.0,36.0,10.0,16.0,0.0,0.0,0.0,2.6957,0.8986,1.7971
0.0,0.0,0.0,125.0,9.0,99.0,36.0,10.0,16.0,0.0,0.0,0.0,2.6957,0.8986,1.7971
0.0,0.0,0.0,125.0,9.0,99.0,36.0,10.0,16.0,0.0,0.0,0.0,2.6957,0.8986,1.7971
0.0,0.0,0.0,125.0,9.0,99.0,36.0,10.0,16.0,0.0,0.0,0.0,2.6957,0.8986,1.7971
0.0,0.0,0.0,125.0,9.0,99.0,36.0,10.0,16.0,0.0,0.0,0.0,2.6957,0.8986,1.7971
0.0,0.0,0.0,132.0,11.0,99.0,30.0,3.0,16.0,4.0,4.0,4.0,19.769399999999997,18.8708,18.8708
0.0,0.0,0.0,125.0,6.0,99.0,26.0,12.0,12.0,4.0,0.0,4.0,48.075599999999994,28.3062,28.3062
0.0,0.0,0.0,125.0,6.0,99.0,26.0,12.0,12.0,4.0,0.0,4.0,48.075599999999994,28.3062,28.3062
0.0,0.0,0.0,125.0,6.0,99.0,26.0,12.0,12.0,4.0,0.0,4.0,48.075599999999994,28.3062,28.3062
0.0,0.0,0.0,32.0,6.0,11.0,27.0,2.0,12.0,4.0,0.0,4.0,57.510999999999996,9.4354,28.3062
0.0,0.0,0.0,32.0,6.0,11.0,27.0,2.0,12.0,4.0,0.0,4.0,57.510999999999996,9.4354,28.3062
0.0,0.0,0.0,32.0,6.0,11.0,27.0,2.0,12.0,4.0,0.0,4.0,57.510999999999996,9.4354,28.3062
0.0,0.0,0.0,38.0,15.0,15.0,22.0,5.0,12.0,4.0,0.0,4.0,66.0478,9.4354,28.3062
0.0,0.0,0.0,38.0,15.0,15.0,22.0,5.0,12.0,4.0,0.0,4.0,66.0478,9.4354,28.3062
0.0,0.0,0.0,38.0,15.0,15.0,22.0,5.0,12.0,4.0,0.0,4.0,66.0478,9.4354,28.3062
0.0,0.0,0.0,38.0,15.0,15.0,22.0,5.0,12.0,4.0,0.0,4.0,66.0478,9.4354,28.3062
0.0,0.0,0.0,34.0,7.0,15.0,23.0,4.0,12.0,0.0,0.0,0.0,66.0478,18.8708,28.3062
0.0,0.0,0.0,45.0,17.0,17.0,18.0,7.0,7.0,0.0,0.0,0.0,66.0478,28.3062,28.3062
0.0,0.0,0.0,45.0,17.0,17.0,18.0,7.0,7.0,0.0,0.0,0.0,66.0478,28.3062,28.3062
0.0,0.0,0.0,44.0,5.0,17.0,18.0,2.0,7.0,0.0,0.0,0.0,58.382299999999994,1.7699,28.3062
0.0,0.0,0.0,22.0,4.0,9.0,17.0,6.0,6.0,0.0,0.0,0.0,3.5398,0.0,1.7699
0.0,0.0,0.0,22.0,4.0,9.0,17.0,6.0,6.0,0.0,0.0,0.0,3.5398,0.0,1.7699
0.0,0.0,0.0,22.0,4.0,9.0,17.0,6.0,6.0,0.0,0.0,0.0,3.5398,0.0,1.7699
0.0,0.0,0.0,22.0,4.0,9.0,17.0,6.0,6.0,0.0,0.0,0.0,3.5398,0.0,1.7699
0.0,0.0,0.0,22.0,4.0,9.0,17.0,6.0,6.0,0.0,0.0,0.0,3.5398,0.0,1.7699
0.0,0.0,0.0,28.0,11.0,11.0,25.0,10.0,10.0,6.0,6.0,6.0,7.0797,5.3098,5.3098
0.0,0.0,0.0,28.0,11.0,11.0,25.0,10.0,10.0,6.0,6.0,6.0,7.0797,5.3098,5.3098
0.0,0.0,0.0,38.0,19.0,19.0,27.0,8.0,10.0,6.0,0.0,6.0,12.982700000000001,7.6729,7.6729
0.0,0.0,0.0,38.0,19.0,19.0,27.0,8.0,10.0,6.0,0.0,6.0,12.982700000000001,7.6729,7.6729
0.0,0.0,0.0,40.0,6.0,19.0,28.0,4.0,10.0,6.0,0.0,6.0,36.001400000000004,23.0187,23.0187
0.0,0.0,0.0,40.0,6.0,19.0,28.0,4.0,10.0,6.0,0.0,6.0,36.001400000000004,23.0187,23.0187
0.0,0.0,0.0,41.0,5.0,19.0,27.0,5.0,10.0,6.0,0.0,6.0,66.69290000000001,30.6915,30.6915
0.0,0.0,0.0,41.0,5.0,19.0,27.0,5.0,10.0,6.0,0.0,6.0,66.69290000000001,30.6915,30.6915
0.0,0.0,0.0,41.0,5.0,19.0,27.0,5.0,10.0,6.0,0.0,6.0,66.69290000000001,30.6915,30.6915
0.0,0.0,0.0,41.0,11.0,19.0,20.0,3.0,8.0,0.0,0.0,0.0,69.056,7.6729,30.6915
0.0,0.0,0.0,41.0,11.0,19.0,20.0,3.0,8.0,0.0,0.0,0.0,69.056,7.6729,30.6915
0.0,0.0,0.0,41.0,11.0,19.0,20.0,3.0,8.0,0.0,0.0,0.0,69.056,7.6729,30.6915
0.0,0.0,0.0,41.0,11.0,19.0,20.0,3.0,8.0,0.0,0.0,0.0,69.056,7.6729,30.6915
0.0,0.0,0.0,41.0,11.0,19.0,20.0,3.0,8.0,0.0,0.0,0.0,69.056,7.6729,30.6915
0.0,0.0,0.0,30.0,8.0,11.0,17.0,5.0,5.0,0.0,0.0,0.0,76.7289,15.3458,30.6915
0.0,0.0,0.0,30.0,8.0,11.0,17.0,5.0,5.0,0.0,0.0,0.0,76.7289,15.3458,30.6915
0.0,0.0,0.0,30.0,8.0,11.0,17.0,5.0,5.0,0.0,0.0,0.0,76.7289,15.3458,30.6915
0.0,0.0,0.0,30.0,8.0,11.0,17.0,5.0,5.0,0.0,0.0,0.0,76.7289,15.3458,30.6915
0.0,0.0,0.0,28.0,4.0,11.0,18.0,5.0,5.0,0.0,0.0,0.0,61.8446,8.1344,30.6915
0.0,0.0,0.0,25.0,9.0,9.0,20.0,5.0,5.0,0.0,0.0,0.0,31.6146,8.1344,15.3458
0.0,0.0,0.0,25.0,9.0,9.0,20.0,5.0,5.0,0.0,0.0,0.0,31.6146,8.1344,15.3458
0.0,0.0,0.0,21.0,4.0,9.0,22.0,7.0,7.0,0.0,0.0,0.0,24.4032,8.1344,8.1344
0.0,0.0,0.0,21.0,4.0,9.0,22.0,7.0,7.0,0.0,0.0,0.0,24.4032,8.1344,8.1344
0.0,0.0,0.0,21.0,4.0,9.0,36.0,19.0,19.0,0.0,0.0,0.0,40.672,24.4032,24.4032
0.0,0.0,0.0,21.0,4.0,9.0,36.0,19.0,19.0,0.0,0.0,0.0,40.672,24.4032,24.4032
0.0,0.0,0.0,20.0,3.0,9.0,53.0,22.0,22.0,0.0,0.0,0.0,51.0273,10.3553,24.4032
0.0,0.0,0.0,20.0,3.0,9.0,53.0,22.0,22.0,0.0,0.0,0.0,51.0273,10.3553,24.4032
0.0,0.0,0.0,14.0,3.0,4.0,71.0,23.0,23.0,0.0,0.0,0.0,42.8929,0.0,24.4032
0.0,0.0,0.0,12.0,3.0,3.0,152.0,26.0,52.0,0.0,0.0,0.0,20.7106,0.0,10.3553
0.0,0.0,0.0,13.0,4.0,4.0,189.0,60.0,60.0,0.0,0.0,0.0,23.6203,2.9097,10.3553
0.0,0.0,0.0,13.0,4.0,4.0,189.0,60.0,60.0,0.0,0.0,0.0,23.6203,2.9097,10.3553
0.0,0.0,0.0,8.0,0.0,3.0,158.0,3.0,113.0,0.0,0.0,0.0,24.59,0.0,18.4425
0.0,0.0,0.0,7.0,2.0,3.0,105.0,60.0,60.0,0.0,0.0,0.0,18.4425,0.0,18.4425
0.0,0.0,0.0,7.0,2.0,3.0,105.0,60.0,60.0,0.0,0.0,0.0,18.4425,0.0,18.4425
0.0,0.0,0.0,7.0,2.0,3.0,105.0,60.0,60.0,0.0,0.0,0.0,18.4425,0.0,18.4425
0.0,0.0,0.0,7.0,2.0,3.0,105.0,60.0,60.0,0.0,0.0,0.0,18.4425,0.0,18.4425
0.0,0.0,0.0,12.0,8.0,8.0,158.0,79.0,79.0,0.0,0.0,0.0,19.2691,19.2691,19.2691
0.0,0.0,0.0,12.0,8.0,8.0,158.0,79.0,79.0,0.0,0.0,0.0,19.2691,19.2691,19.2691
0.0,0.0,0.0,12.0,8.0,8.0,158.0,79.0,79.0,0.0,0.0,0.0,19.2691,19.2691,19.2691
0.0,0.0,0.0,10.0,0.0,8.0,163.0,21.0,79.0,0.0,0.0,0.0,28.9037,9.6346,19.2691
0.0,0.0,0.0,10.0,0.0,8.0,163.0,21.0,79.0,0.0,0.0,0.0,28.9037,9.6346,19.2691
0.0,0.0,0.0,10.0,0.0,8.0,163.0,21.0,79.0,0.0,0.0,0.0,28.9037,9.6346,19.2691
0.0,0.0,0.0,10.0,3.0,4.0,74.0,29.0,29.0,0.0,0.0,0.0,19.2692,0.0,9.6346
0.0,0.0,0.0,10.0,3.0,4.0,74.0,29.0,29.0,0.0,0.0,0.0,19.2692,0.0,9.6346
0.0,0.0,0.0,10.0,3.0,4.0,74.0,29.0,29.0,0.0,0.0,0.0,19.2692,0.0,9.6346
0.0,0.0,0.0,11.0,1.0,4.0,203.0,150.0,150.0,0.0,0.0,0.0,9.6346,0.0,9.6346
0.0,0.0,0.0,11.0,1.0,4.0,203.0,150.0,150.0,0.0,0.0,0.0,9.6346,0.0,9.6346
0.0,0.0,0.0,11.0,1.0,4.0,203.0,150.0,150.0,0.0,0.0,0.0,9.6346,0.0,9.6346
0.0,0.0,0.0,10.0,2.0,4.0,214.0,27.0,150.0,0.0,0.0,0.0,16.9072,7.2726,9.6346
0.0,0.0,0.0,10.0,2.0,4.0,214.0,27.0,150.0,0.0,0.0,0.0,16.9072,7.2726,9.6346
0.0,0.0,0.0,10.0,2.0,4.0,214.0,27.0,150.0,0.0,0.0,0.0,16.9072,7.2726,9.6346
0.0,0.0,0.0,10.0,2.0,4.0,214.0,27.0,150.0,0.0,0.0,0.0,16.9072,7.2726,9.6346
0.0,0.0,0.0,10.0,2.0,4.0,214.0,27.0,150.0,0.0,0.0,0.0,16.9072,7.2726,9.6346
0.0,0.0,0.0,9.0,3.0,3.0,207.0,1.0,150.0,0.0,0.0,0.0,9.0907,1.8181,7.2726
0.0,0.0,0.0,9.0,3.0,3.0,207.0,1.0,150.0,0.0,0.0,0.0,9.0907,1.8181,7.2726
0.0,0.0,0.0,9.0,3.0,3.0,207.0,1.0,150.0,0.0,0.0,0.0,9.0907,1.8181,7.2726
0.0,0.0,0.0,5.0,2.0,2.0,406.0,106.0,113.0,0.0,0.0,0.0,10.0914,6.4552,6.4552
0.0,0.0,0.0,14.0,7.0,7.0,372.0,148.0,148.0,0.0,0.0,0.0,12.9104,0.0,6.4552
0.0,0.0,0.0,5.0,1.0,2.0,36.0,21.0,21.0,0.0,0.0,0.0,25.7052,8.5684,8.5684
0.0,0.0,0.0,4.0,1.0,2.0,82.0,52.0,52.0,0.0,0.0,0.0,25.7052,0.0,8.5684
0.0,0.0,0.0,7.0,5.0,5.0,74.0,0.0,52.0,0.0,0.0,0.0,17.1368,0.0,8.5684
0.0,0.0,0.0,8.0,1.0,5.0,78.0,5.0,52.0,0.0,0.0,0.0,8.5684,0.0,8.5684
0.0,0.0,0.0,8.0,1.0,5.0,78.0,5.0,52.0,0.0,0.0,0.0,8.5684,0.0,8.5684
0.0,0.0,0.0,11.0,1.0,5.0,88.0,3.0,75.0,6.0,0.0,6.0,28.3221,21.2416,21.2416
0.0,0.0,0.0,16.0,2.0,8.0,84.0,0.0,75.0,6.0,0.0,6.0,21.2416,0.0,21.2416
0.0,0.0,0.0,16.0,5.0,8.0,73.0,64.0,64.0,0.0,0.0,0.0,21.2416,0.0,21.2416
0.0,0.0,0.0,16.0,5.0,8.0,73.0,64.0,64.0,0.0,0.0,0.0,21.2416,0.0,21.2416
0.0,0.0,0.0,16.0,5.0,8.0,73.0,64.0,64.0,0.0,0.0,0.0,21.2416,0.0,21.2416
0.0,0.0,0.0,17.0,6.0,6.0,649.0,287.0,298.0,0.0,0.0,0.0,0.0,0.0,0.0
0.0,0.0,0.0,20.0,5.0,6.0,889.0,240.0,298.0,0.0,0.0,0.0,0.0,0.0,0.0
0.0,0.0,0.0,17.0,2.0,6.0,930.0,105.0,298.0,0.0,0.0,0.0,27.8103,27.8103,27.8103
0.0,0.0,0.0,17.0,2.0,6.0,930.0,105.0,298.0,0.0,0.0,0.0,27.8103,27.8103,27.8103
0.0,0.0,0.0,14.0,1.0,6.0,644.0,12.0,287.0,0.0,0.0,0.0,34.947900000000004,7.1376,27.8103
0.0,0.0,0.0,21.0,7.0,7.0,45.0,12.0,13.0,0.0,0.0,0.0,0.0,0.0,0.0
0.0,0.0,0.0,21.0,3.0,7.0,64.0,32.0,32.0,0.0,0.0,0.0,10.8836,10.8836,10.8836
0.0,0.0,0.0,21.0,3.0,7.0,64.0,32.0,32.0,0.0,0.0,0.0,10.8836,10.8836,10.8836
0.0,0.0,0.0,21.0,3.0,7.0,64.0,32.0,32.0,0.0,0.0,0.0,10.8836,10.8836,10.8836
0.0,0.0,0.0,15.0,1.0,7.0,73.0,16.0,32.0,0.0,0.0,0.0,27.2091,16.3255,16.3255
0.0,0.0,0.0,12.0,3.0,6.0,90.0,17.0,49.0,0.0,0.0,0.0,16.3255,0.0,16.3255
0.0,0.0,0.0,24.0,16.0,16.0,49.0,20.0,20.0,0.0,0.0,0.0,10.8586,5.4293,5.4293
0.0,0.0,0.0,25.0,3.0,16.0,43.0,2.0,20.0,0.0,0.0,0.0,10.8586,0.0,5.4293
0.0,0.0,0.0,25.0,3.0,16.0,31.0,5.0,20.0,0.0,0.0,0.0,21.7171,10.8585,10.8585
0.0,0.0,0.0,31.0,9.0,16.0,32.0,5.0,20.0,0.0,0.0,0.0,16.287799999999997,0.0,10.8585
0.0,0.0,0.0,31.0,9.0,16.0,32.0,5.0,20.0,0.0,0.0,0.0,16.287799999999997,0.0,10.8585
0.0,0.0,0.0,21.0,6.0,9.0,15.0,3.0,5.0,0.0,0.0,0.0,10.8585,0.0,10.8585
0.0,0.0,0.0,20.0,2.0,9.0,18.0,5.0,5.0,0.0,0.0,0.0,30.3215,19.463,19.463
0.0,0.0,0.0,20.0,2.0,9.0,18.0,5.0,5.0,0.0,0.0,0.0,30.3215,19.463,19.463
0.0,0.0,0.0,19.0,2.0,9.0,18.0,5.0,5.0,0.0,0.0,0.0,19.463,0.0,19.463
0.0,0.0,0.0,19.0,2.0,9.0,18.0,5.0,5.0,0.0,0.0,0.0,19.463,0.0,19.463
0.0,0.0,0.0,19.0,2.0,9.0,18.0,5.0,5.0,0.0,0.0,0.0,19.463,0.0,19.463
0.0,0.0,0.0,16.0,6.0,6.0,20.0,7.0,7.0,0.0,0.0,0.0,19.463,0.0,19.463
0.0,0.0,0.0,15.0,5.0,6.0,21.0,4.0,7.0,0.0,0.0,0.0,30.171300000000002,10.7083,19.463
0.0,0.0,0.0,14.0,2.0,6.0,95.0,78.0,78.0,0.0,0.0,0.0,74.9579,32.1248,32.1248
0.0,0.0,0.0,14.0,2.0,6.0,95.0,78.0,78.0,0.0,0.0,0.0,74.9579,32.1248,32.1248
0.0,0.0,0.0,14.0,2.0,6.0,95.0,78.0,78.0,0.0,0.0,0.0,74.9579,32.1248,32.1248
0.0,0.0,0.0,14.0,2.0,6.0,95.0,78.0,78.0,0.0,0.0,0.0,74.9579,32.1248,32.1248
0.0,0.0,0.0,14.0,2.0,6.0,95.0,78.0,78.0,0.0,0.0,0.0,74.9579,32.1248,32.1248
0.0,0.0,0.0,17.0,9.0,9.0,92.0,4.0,78.0,0.0,0.0,0.0,74.9579,0.0,32.1248
0.0,0.0,0.0,17.0,9.0,9.0,92.0,4.0,78.0,0.0,0.0,0.0,74.9579,0.0,32.1248
0.0,0.0,0.0,17.0,9.0,9.0,92.0,4.0,78.0,0.0,0.0,0.0,74.9579,0.0,32.1248
0.0,0.0,0.0,14.0,2.0,9.0,94.0,6.0,78.0,0.0,0.0,0.0,74.9579,10.7083,32.1248
0.0,0.0,0.0,15.0,2.0,9.0,93.0,5.0,78.0,0.0,0.0,0.0,42.8331,0.0,32.1248
0.0,0.0,0.0,15.0,2.0,9.0,93.0,5.0,78.0,0.0,0.0,0.0,42.8331,0.0,32.1248
0.0,0.0,0.0,15.0,2.0,9.0,93.0,5.0,78.0,0.0,0.0,0.0,42.8331,0.0,32.1248
0.0,0.0,0.0,16.0,3.0,9.0,35.0,20.0,20.0,0.0,0.0,0.0,13.9314,3.2231,10.7083
0.0,0.0,0.0,16.0,3.0,9.0,35.0,20.0,20.0,0.0,0.0,0.0,13.9314,3.2231,10.7083
0.0,0.0,0.0,16.0,3.0,9.0,35.0,20.0,20.0,0.0,0.0,0.0,13.9314,3.2231,10.7083
0.0,0.0,0.0,16.0,3.0,9.0,35.0,20.0,20.0,0.0,0.0,0.0,13.9314,3.2231,10.7083
0.0,0.0,0.0,9.0,2.0,3.0,45.0,14.0,20.0,0.0,0.0,0.0,13.9314,0.0,10.7083
0.0,0.0,0.0,9.0,2.0,3.0,45.0,14.0,20.0,0.0,0.0,0.0,13.9314,0.0,10.7083
0.0,0.0,0.0,8.0,1.0,3.0,43.0,4.0,20.0,0.0,0.0,0.0,9.6693,6.4462,6.4462
0.0,0.0,0.0,8.0,1.0,3.0,43.0,4.0,20.0,0.0,0.0,0.0,9.6693,6.4462,6.4462
0.0,0.0,0.0,8.0,1.0,3.0,43.0,4.0,20.0,0.0,0.0,0.0,9.6693,6.4462,6.4462
0.0,0.0,0.0,7.0,1.0,3.0,46.0,8.0,20.0,0.0,0.0,0.0,12.8924,3.2231,6.4462
0.0,0.0,0.0,7.0,1.0,3.0,46.0,8.0,20.0,0.0,0.0,0.0,12.8924,3.2231,6.4462
0.0,0.0,0.0,5.0,1.0,2.0,31.0,5.0,14.0,0.0,0.0,0.0,9.6693,0.0,6.4462
0.0,0.0,0.0,4.0,1.0,1.0,19.0,2.0,8.0,0.0,0.0,0.0,17.1199,7.4506,7.4506
0.0,0.0,0.0,4.0,1.0,1.0,19.0,2.0,8.0,0.0,0.0,0.0,17.1199,7.4506,7.4506
0.0,0.0,0.0,4.0,1.0,1.0,15.0,0.0,8.0,0.0,0.0,0.0,25.575000000000003,14.9013,14.9013
0.0,0.0,0.0,4.0,1.0,1.0,15.0,0.0,8.0,0.0,0.0,0.0,25.575000000000003,14.9013,14.9013
0.0,0.0,0.0,4.0,1.0,1.0,15.0,0.0,8.0,0.0,0.0,0.0,25.575000000000003,14.9013,14.9013
0.0,0.0,0.0,6.0,3.0,3.0,12.0,5.0,5.0,0.0,0.0,0.0,22.3519,0.0,14.9013
0.0,0.0,0.0,8.0,2.0,3.0,21.0,2.0,14.0,0.0,0.0,0.0,29.8026,14.9013,14.9013
0.0,0.0,0.0,8.0,1.0,3.0,24.0,3.0,14.0,0.0,0.0,0.0,36.0795,21.1782,21.1782
0.0,0.0,0.0,8.0,1.0,3.0,24.0,3.0,14.0,0.0,0.0,0.0,36.0795,21.1782,21.1782
0.0,0.0,0.0,6.0,1.0,2.0,21.0,2.0,14.0,0.0,0.0,0.0,36.0795,0.0,21.1782
0.0,0.0,0.0,6.0,1.0,2.0,21.0,2.0,14.0,0.0,0.0,0.0,36.0795,0.0,21.1782
0.0,0.0,0.0,6.0,1.0,2.0,21.0,2.0,14.0,0.0,0.0,0.0,36.0795,0.0,21.1782
0.0,0.0,0.0,6.0,1.0,2.0,21.0,2.0,14.0,0.0,0.0,0.0,36.0795,0.0,21.1782
0.0,0.0,0.0,6.0,2.0,2.0,7.0,2.0,3.0,0.0,0.0,0.0,36.0795,0.0,21.1782
0.0,0.0,0.0,6.0,2.0,2.0,7.0,2.0,3.0,0.0,0.0,0.0,36.0795,0.0,21.1782
0.0,0.0,0.0,6.0,2.0,2.0,7.0,2.0,3.0,0.0,0.0,0.0,36.0795,0.0,21.1782
0.0,0.0,0.0,9.0,5.0,5.0,19.0,14.0,14.0,0.0,0.0,0.0,21.1782,0.0,21.1782
0.0,0.0,0.0,9.0,5.0,5.0,19.0,14.0,14.0,0.0,0.0,0.0,21.1782,0.0,21.1782
0.0,0.0,0.0,9.0,5.0,5.0,19.0,14.0,14.0,0.0,0.0,0.0,21.1782,0.0,21.1782
0.0,0.0,0.0,9.0,5.0,5.0,19.0,14.0,14.0,0.0,0.0,0.0,21.1782,0.0,21.1782
0.0,0.0,0.0,10.0,2.0,5.0,18.0,2.0,14.0,0.0,0.0,0.0,0.0,0.0,0.0
0.0,0.0,0.0,10.0,2.0,5.0,18.0,2.0,14.0,0.0,0.0,0.0,0.0,0.0,0.0
0.0,0.0,0.0,9.0,0.0,5.0,18.0,2.0,14.0,0.0,0.0,0.0,0.0,0.0,0.0
0.0,0.0,0.0,9.0,0.0,5.0,18.0,2.0,14.0,0.0,0.0,0.0,0.0,0.0,0.0
0.0,0.0,0.0,9.0,0.0,5.0,18.0,2.0,14.0,0.0,0.0,0.0,0.0,0.0,0.0
0.0,0.0,0.0,9.0,2.0,5.0,18.0,0.0,14.0,0.0,0.0,0.0,17.0712,17.0712,17.0712
0.0,0.0,0.0,9.0,2.0,5.0,18.0,0.0,14.0,0.0,0.0,0.0,17.0712,17.0712,17.0712
0.0,0.0,0.0,9.0,2.0,5.0,18.0,0.0,14.0,0.0,0.0,0.0,17.0712,17.0712,17.0712
0.0,0.0,0.0,10.0,6.0,6.0,4.0,0.0,2.0,0.0,0.0,0.0,17.0712,0.0,17.0712
0.0,0.0,0.0,10.0,6.0,6.0,4.0,0.0,2.0,0.0,0.0,0.0,17.0712,0.0,17.0712
0.0,0.0,0.0,10.0,6.0,6.0,4.0,0.0,2.0,0.0,0.0,0.0,17.0712,0.0,17.0712
0.0,0.0,0.0,10.0,6.0,6.0,4.0,0.0,2.0,0.0,0.0,0.0,17.0712,0.0,17.0712
0.0,0.0,0.0,10.0,2.0,6.0,2.0,0.0,2.0,0.0,0.0,0.0,17.0712,0.0,17.0712
0.0,0.0,0.0,10.0,2.0,6.0,2.0,0.0,2.0,0.0,0.0,0.0,17.0712,0.0,17.0712
0.0,0.0,0.0,15.0,5.0,6.0,52.0,52.0,52.0,0.0,0.0,0.0,25.6068,8.5356,17.0712
0.0,0.0,0.0,16.0,3.0,6.0,67.0,15.0,52.0,0.0,0.0,0.0,16.904400000000003,8.3688,8.5356
0.0,0.0,0.0,16.0,3.0,6.0,67.0,15.0,52.0,0.0,0.0,0.0,16.904400000000003,8.3688,8.5356
0.0,0.0,0.0,13.0,2.0,5.0,256.0,50.0,139.0,0.0,0.0,0.0,21.088800000000003,0.0,8.5356
0.0,0.0,0.0,12.0,4.0,4.0,240.0,36.0,139.0,0.0,0.0,0.0,12.5532,0.0,8.3688
0.0,0.0,0.0,10.0,1.0,4.0,236.0,11.0,139.0,0.0,0.0,0.0,8.3688,4.1844,4.1844
0.0,0.0,0.0,8.0,1.0,4.0,98.0,1.0,50.0,0.0,0.0,0.0,4.1844,0.0,4.1844
0.0,0.0,0.0,4.0,1.0,1.0,26.0,4.0,11.0,0.0,0.0,0.0,61.1691,0.0,56.9847
0.0,0.0,0.0,4.0,1.0,1.0,26.0,4.0,11.0,0.0,0.0,0.0,61.1691,0.0,56.9847
0.0,0.0,0.0,14.0,11.0,11.0,18.0,3.0,10.0,0.0,0.0,0.0,56.9847,0.0,56.9847
0.0,0.0,0.0,14.0,1.0,11.0,103.0,86.0,86.0,0.0,0.0,0.0,56.9847,0.0,56.9847
0.0,0.0,0.0,15.0,2.0,11.0,321.0,125.0,125.0,0.0,0.0,0.0,33.7941,11.2647,22.5294
0.0,0.0,0.0,7.0,3.0,3.0,477.0,140.0,140.0,8.0,0.0,8.0,67.5882,11.2647,22.5294
0.0,0.0,0.0,7.0,3.0,3.0,477.0,140.0,140.0,8.0,0.0,8.0,67.5882,11.2647,22.5294
0.0,0.0,0.0,7.0,1.0,3.0,474.0,104.0,140.0,8.0,0.0,8.0,45.0588,0.0,22.5294
0.0,0.0,0.0,7.0,1.0,3.0,474.0,104.0,140.0,8.0,0.0,8.0,45.0588,0.0,22.5294
0.0,0.0,0.0,6.0,1.0,3.0,418.0,69.0,140.0,8.0,0.0,8.0,33.7941,0.0,22.5294
0.0,0.0,0.0,6.0,1.0,3.0,418.0,69.0,140.0,8.0,0.0,8.0,33.7941,0.0,22.5294
0.0,0.0,0.0,8.0,3.0,3.0,313.0,0.0,140.0,0.0,0.0,0.0,11.2647,0.0,11.2647
0.0,0.0,0.0,8.0,3.0,3.0,313.0,0.0,140.0,0.0,0.0,0.0,11.2647,0.0,11.2647
0.0,0.0,0.0,8.0,3.0,3.0,313.0,0.0,140.0,0.0,0.0,0.0,11.2647,0.0,11.2647
0.0,0.0,0.0,8.0,3.0,3.0,313.0,0.0,140.0,0.0,0.0,0.0,11.2647,0.0,11.2647
0.0,0.0,0.0,6.0,1.0,3.0,166.0,71.0,71.0,0.0,0.0,0.0,77.7793,0.0,77.7793
0.0,0.0,0.0,6.0,1.0,3.0,159.0,62.0,71.0,0.0,0.0,0.0,77.7793,0.0,77.7793
0.0,0.0,0.0,6.0,1.0,3.0,159.0,62.0,71.0,0.0,0.0,0.0,77.7793,0.0,77.7793
0.0,0.0,0.0,6.0,3.0,3.0,281.0,122.0,122.0,0.0,0.0,0.0,111.61160000000001,33.8323,77.7793
0.0,0.0,0.0,7.0,2.0,3.0,256.0,1.0,122.0,0.0,0.0,0.0,33.8323,0.0,33.8323
0.0,0.0,0.0,7.0,2.0,3.0,256.0,1.0,122.0,0.0,0.0,0.0,33.8323,0.0,33.8323
0.0,0.0,0.0,9.0,3.0,3.0,187.0,2.0,122.0,0.0,0.0,0.0,67.6646,33.8323,33.8323
0.0,0.0,0.0,11.0,3.0,3.0,127.0,2.0,122.0,0.0,0.0,0.0,84.5808,16.9162,33.8323
0.0,0.0,0.0,11.0,3.0,3.0,127.0,2.0,122.0,0.0,0.0,0.0,84.5808,16.9162,33.8323
0.0,0.0,0.0,11.0,3.0,3.0,127.0,2.0,122.0,0.0,0.0,0.0,84.5808,16.9162,33.8323
0.0,0.0,0.0,9.0,1.0,3.0,5.0,0.0,2.0,0.0,0.0,0.0,84.58079999999998,33.8323,33.8323
0.0,0.0,0.0,16.0,4.0,8.0,10.0,4.0,4.0,0.0,0.0,0.0,66.39519999999999,10.4311,33.8323
0.0,0.0,0.0,20.0,7.0,8.0,13.0,5.0,5.0,0.0,0.0,0.0,49.479,0.0,33.8323
0.0,0.0,0.0,20.0,7.0,8.0,13.0,5.0,5.0,0.0,0.0,0.0,49.479,0.0,33.8323
0.0,0.0,0.0,72.0,33.0,34.0,121.0,9.0,45.0,0.0,0.0,0.0,116.2567,25.1525,50.305
0.0,0.0,0.0,182.0,144.0,144.0,84.0,8.0,36.0,0.0,0.0,0.0,100.61,0.0,50.305
0.0,0.0,0.0,202.0,21.0,144.0,100.0,47.0,47.0,0.0,0.0,0.0,75.4575,0.0,50.305
0.0,0.0,0.0,234.0,36.0,144.0,74.0,10.0,47.0,0.0,0.0,0.0,38.997299999999996,13.8448,25.1525
0.0,0.0,0.0,222.0,21.0,144.0,151.0,86.0,86.0,0.0,0.0,0.0,13.8448,0.0,13.8448
0.0,0.0,0.0,222.0,21.0,144.0,151.0,86.0,86.0,0.0,0.0,0.0,13.8448,0.0,13.8448
0.0,0.0,0.0,222.0,21.0,144.0,151.0,86.0,86.0,0.0,0.0,0.0,13.8448,0.0,13.8448
0.0,0.0,0.0,83.0,5.0,36.0,154.0,11.0,86.0,0.0,0.0,0.0,13.8448,0.0,13.8448
0.0,0.0,0.0,70.0,8.0,36.0,122.0,15.0,86.0,0.0,0.0,0.0,41.5343,27.6895,27.6895
0.0,0.0,0.0,70.0,8.0,36.0,122.0,15.0,86.0,0.0,0.0,0.0,41.5343,27.6895,27.6895
0.0,0.0,0.0,43.0,9.0,21.0,117.0,5.0,86.0,0.0,0.0,0.0,27.6895,0.0,27.6895
0.0,0.0,0.0,58.0,36.0,36.0,71.0,40.0,40.0,0.0,0.0,0.0,27.6895,0.0,27.6895
0.0,0.0,0.0,55.0,2.0,36.0,87.0,27.0,40.0,0.0,0.0,0.0,69.9581,42.2686,42.2686
0.0,0.0,0.0,50.0,3.0,36.0,79.0,7.0,40.0,0.0,0.0,0.0,42.2686,0.0,42.2686
0.0,0.0,0.0,50.0,9.0,36.0,85.0,11.0,40.0,0.0,0.0,0.0,63.4029,21.1343,42.2686
0.0,0.0,0.0,26.0,5.0,9.0,27.0,4.0,11.0,0.0,0.0,0.0,63.4029,0.0,42.2686
0.0,0.0,0.0,26.0,5.0,9.0,27.0,4.0,11.0,0.0,0.0,0.0,63.4029,0.0,42.2686
0.0,0.0,0.0,15.0,1.0,5.0,85.0,62.0,62.0,0.0,0.0,0.0,61.6544,15.4136,30.8272
0.0,0.0,0.0,11.0,1.0,5.0,90.0,9.0,62.0,0.0,0.0,0.0,107.8953,46.2409,46.2409
0.0,0.0,0.0,23.0,5.0,15.0,503.0,77.0,217.0,0.0,0.0,0.0,83.7191,33.4898,33.4898
0.0,0.0,0.0,9.0,3.0,3.0,55.0,10.0,34.0,0.0,0.0,0.0,0.0,0.0,0.0
0.0,0.0,0.0,13.0,6.0,6.0,58.0,10.0,34.0,0.0,0.0,0.0,0.0,0.0,0.0
0.0,0.0,0.0,13.0,6.0,6.0,58.0,10.0,34.0,0.0,0.0,0.0,0.0,0.0,0.0
0.0,0.0,0.0,17.0,5.0,6.0,70.0,16.0,34.0,0.0,0.0,0.0,0.0,0.0,0.0
0.0,0.0,0.0,19.0,4.0,6.0,39.0,3.0,16.0,0.0,0.0,0.0,0.0,0.0,0.0
0.0,0.0,0.0,19.0,4.0,9.0,6.0,0.0,3.0,0.0,0.0,0.0,0.0,0.0,0.0
0.0,0.0,0.0,17.0,2.0,9.0,6.0,3.0,3.0,0.0,0.0,0.0,0.0,0.0,0.0
0.0,0.0,0.0,14.0,3.0,5.0,11.0,3.0,5.0,0.0,0.0,0.0,0.0,0.0,0.0
0.0,0.0,0.0,17.0,3.0,8.0,10.0,3.0,3.0,0.0,0.0,0.0,0.0,0.0,0.0
0.0,0.0,0.0,17.0,3.0,8.0,10.0,3.0,3.0,0.0,0.0,0.0,0.0,0.0,0.0
0.0,0.0,0.0,20.0,6.0,8.0,10.0,3.0,3.0,0.0,0.0,0.0,0.0,0.0,0.0
0.0,0.0,0.0,26.0,7.0,8.0,28.0,6.0,12.0,0.0,0.0,0.0,0.0,0.0,0.0
0.0,0.0,0.0,26.0,6.0,8.0,33.0,8.0,12.0,0.0,0.0,0.0,0.0,0.0,0.0
0.0,0.0,0.0,21.0,3.0,7.0,29.0,3.0,12.0,0.0,0.0,0.0,0.0,0.0,0.0
0.0,0.0,0.0,21.0,3.0,7.0,29.0,3.0,12.0,0.0,0.0,0.0,0.0,0.0,0.0
0.0,0.0,0.0,18.0,2.0,7.0,22.0,5.0,8.0,0.0,0.0,0.0,0.0,0.0,0.0
0.0,0.0,0.0,18.0,2.0,7.0,22.0,5.0,8.0,0.0,0.0,0.0,0.0,0.0,0.0
0.0,0.0,0.0,20.0,6.0,9.0,17.0,5.0,5.0,0.0,0.0,0.0,0.0,0.0,0.0
0.0,0.0,0.0,20.0,6.0,9.0,17.0,5.0,5.0,0.0,0.0,0.0,0.0,0.0,0.0
0.0,0.0,0.0,25.0,8.0,9.0,18.0,4.0,5.0,0.0,0.0,0.0,0.0,0.0,0.0
0.0,0.0,0.0,25.0,8.0,9.0,18.0,4.0,5.0,0.0,0.0,0.0,0.0,0.0,0.0
0.0,0.0,0.0,25.0,8.0,9.0,18.0,4.0,5.0,0.0,0.0,0.0,0.0,0.0,0.0
0.0,0.0,0.0,25.0,8.0,9.0,18.0,4.0,5.0,0.0,0.0,0.0,0.0,0.0,0.0
0.0,0.0,0.0,33.0,7.0,12.0,20.0,6.0,6.0,0.0,0.0,0.0,0.0,0.0,0.0
0.0,0.0,0.0,35.0,8.0,12.0,20.0,5.0,6.0,0.0,0.0,0.0,0.0,0.0,0.0
0.0,0.0,0.0,35.0,8.0,12.0,20.0,5.0,6.0,0.0,0.0,0.0,0.0,0.0,0.0
0.0,0.0,0.0,35.0,8.0,12.0,21.0,5.0,6.0,0.0,0.0,0.0,0.0,0.0,0.0
0.0,0.0,0.0,35.0,8.0,12.0,21.0,5.0,6.0,0.0,0.0,0.0,0.0,0.0,0.0
0.0,0.0,0.0,31.0,8.0,8.0,23.0,7.0,7.0,0.0,0.0,0.0,0.0,0.0,0.0
0.0,0.0,0.0,30.0,6.0,8.0,22.0,5.0,7.0,5.0,5.0,5.0,38.0317,38.0317,38.0317
0.0,0.0,0.0,30.0,6.0,8.0,22.0,5.0,7.0,5.0,5.0,5.0,38.0317,38.0317,38.0317
0.0,0.0,0.0,27.0,9.0,9.0,22.0,7.0,7.0,5.0,0.0,5.0,38.0317,0.0,38.0317
0.0,0.0,0.0,27.0,9.0,9.0,22.0,7.0,7.0,5.0,0.0,5.0,38.0317,0.0,38.0317
6.0,0.0,6.0,19.0,1.0,9.0,7.0,0.0,7.0,0.0,0.0,0.0,3.5063,0.0,3.5063
6.0,0.0,6.0,19.0,1.0,9.0,7.0,0.0,7.0,0.0,0.0,0.0,3.5063,0.0,3.5063
18.0,12.0,12.0,19.0,9.0,9.0,0.0,0.0,0.0,2.0,2.0,2.0,3.5063,0.0,3.5063
8.0,1.0,3.0,19.0,7.0,7.0,0.0,0.0,0.0,0.0,0.0,0.0,5.3746,0.0,5.3746
6.0,1.0,3.0,12.0,0.0,7.0,0.0,0.0,0.0,0.0,0.0,0.0,5.3746,0.0,5.3746
6.0,1.0,3.0,12.0,0.0,7.0,0.0,0.0,0.0,0.0,0.0,0.0,5.3746,0.0,5.3746
6.0,1.0,3.0,12.0,0.0,7.0,0.0,0.0,0.0,0.0,0.0,0.0,5.3746,0.0,5.3746
10.0,5.0,5.0,11.0,4.0,7.0,0.0,0.0,0.0,2.0,2.0,2.0,5.3746,0.0,5.3746
10.0,5.0,5.0,11.0,4.0,7.0,0.0,0.0,0.0,2.0,2.0,2.0,5.3746,0.0,5.3746
10.0,5.0,5.0,11.0,4.0,7.0,0.0,0.0,0.0,2.0,2.0,2.0,5.3746,0.0,5.3746
10.0,5.0,5.0,11.0,4.0,7.0,0.0,0.0,0.0,2.0,2.0,2.0,5.3746,0.0,5.3746
21.0,14.0,14.0,12.0,1.0,7.0,0.0,0.0,0.0,4.0,2.0,2.0,0.0,0.0,0.0
21.0,14.0,14.0,12.0,1.0,7.0,0.0,0.0,0.0,4.0,2.0,2.0,0.0,0.0,0.0
21.0,0.0,14.0,11.0,2.0,4.0,0.0,0.0,0.0,4.0,0.0,2.0,3.7406,0.0,3.7406
16.0,0.0,14.0,7.0,0.0,4.0,0.0,0.0,0.0,2.0,0.0,2.0,3.7406,0.0,3.7406
0.0,0.0,0.0,0.0,0.0,0.0,0.0,0.0,0.0,0.0,0.0,0.0,0.0,0.0,0.0
21.0,0.0,20.0,14.0,7.0,7.0,0.0,0.0,0.0,2.0,2.0,2.0,0.0,0.0,0.0
0.0,0.0,0.0,3.0,3.0,3.0,0.0,0.0,0.0,0.0,0.0,0.0,0.0,0.0,0.0
1.0,0.0,1.0,13.0,5.0,5.0,0.0,0.0,0.0,1.0,0.0,1.0,2.8217,2.8217,2.8217
3.0,2.0,2.0,20.0,7.0,7.0,0.0,0.0,0.0,1.0,0.0,1.0,2.8217,0.0,2.8217
3.0,2.0,2.0,20.0,7.0,7.0,0.0,0.0,0.0,1.0,0.0,1.0,2.8217,0.0,2.8217
5.0,2.0,2.0,25.0,10.0,10.0,0.0,0.0,0.0,0.0,0.0,0.0,2.8217,0.0,2.8217
2.0,2.0,2.0,9.0,2.0,4.0,0.0,0.0,0.0,1.0,0.0,1.0,0.0,0.0,0.0
1.0,0.0,1.0,14.0,3.0,5.0,0.0,0.0,0.0,2.0,0.0,2.0,0.0,0.0,0.0
2.0,2.0,2.0,11.0,2.0,5.0,0.0,0.0,0.0,3.0,2.0,2.0,0.0,0.0,0.0
2.0,0.0,2.0,9.0,3.0,3.0,0.0,0.0,0.0,4.0,1.0,2.0,0.0,0.0,0.0
3.0,1.0,1.0,9.0,0.0,3.0,0.0,0.0,0.0,4.0,0.0,2.0,0.0,0.0,0.0
3.0,0.0,1.0,13.0,7.0,7.0,0.0,0.0,0.0,5.0,2.0,2.0,0.0,0.0,0.0
2.0,0.0,1.0,13.0,3.0,7.0,0.0,0.0,0.0,3.0,0.0,2.0,0.0,0.0,0.0
2.0,0.0,1.0,4.0,0.0,3.0,0.0,0.0,0.0,2.0,1.0,1.0,4.1509,0.0,4.1509
5.0,3.0,3.0,4.0,3.0,3.0,0.0,0.0,0.0,3.0,1.0,1.0,4.1509,0.0,4.1509
5.0,3.0,3.0,4.0,3.0,3.0,0.0,0.0,0.0,3.0,1.0,1.0,4.1509,0.0,4.1509
5.0,1.0,3.0,3.0,0.0,3.0,0.0,0.0,0.0,2.0,0.0,1.0,0.0,0.0,0.0
5.0,1.0,3.0,3.0,0.0,3.0,0.0,0.0,0.0,2.0,0.0,1.0,0.0,0.0,0.0
5.0,1.0,3.0,9.0,6.0,6.0,0.0,0.0,0.0,2.0,0.0,1.0,5.6013,5.6013,5.6013
5.0,1.0,3.0,9.0,6.0,6.0,0.0,0.0,0.0,2.0,0.0,1.0,5.6013,5.6013,5.6013
7.0,2.0,3.0,10.0,1.0,6.0,0.0,0.0,0.0,1.0,0.0,1.0,5.6013,0.0,5.6013
2.0,0.0,1.0,5.0,0.0,4.0,0.0,0.0,0.0,3.0,0.0,2.0,0.0,0.0,0.0
6.0,5.0,5.0,2.0,1.0,1.0,0.0,0.0,0.0,2.0,0.0,2.0,0.0,0.0,0.0
6.0,0.0,5.0,7.0,6.0,6.0,0.0,0.0,0.0,1.0,0.0,1.0,0.0,0.0,0.0
7.0,1.0,5.0,13.0,3.0,6.0,0.0,0.0,0.0,4.0,3.0,3.0,0.0,0.0,0.0
8.0,1.0,5.0,13.0,5.0,5.0,0.0,0.0,0.0,3.0,0.0,3.0,0.0,0.0,0.0
0.0,0.0,0.0,10.0,4.0,4.0,0.0,0.0,0.0,4.0,0.0,4.0,0.0,0.0,0.0
0.0,0.0,0.0,0.0,0.0,0.0,0.0,0.0,0.0,0.0,0.0,0.0,0.0,0.0,0.0
5.0,0.0,5.0,6.0,0.0,4.0,0.0,0.0,0.0,0.0,0.0,0.0,34.150499999999994,18.4976,18.4976
5.0,0.0,3.0,1.0,0.0,1.0,0.0,0.0,0.0,5.0,0.0,3.0,55.329499999999996,9.1814,34.05
5.0,0.0,3.0,1.0,0.0,1.0,0.0,0.0,0.0,3.0,0.0,3.0,77.23849999999999,28.0246,34.05
14.0,11.0,11.0,1.0,0.0,1.0,0.0,0.0,0.0,2.0,2.0,2.0,87.0748,15.8188,34.05
11.0,0.0,11.0,1.0,1.0,1.0,0.0,0.0,0.0,8.0,6.0,6.0,68.8436,15.8188,28.0246
11.0,0.0,11.0,1.0,1.0,1.0,0.0,0.0,0.0,8.0,6.0,6.0,68.8436,15.8188,28.0246
1.0,0.0,1.0,1.0,0.0,1.0,4.0,0.0,4.0,12.0,0.0,6.0,174.0068,94.9128,94.9128
1.0,0.0,1.0,1.0,0.0,1.0,4.0,0.0,4.0,12.0,0.0,6.0,174.0068,94.9128,94.9128
1.0,0.0,1.0,1.0,0.0,1.0,4.0,0.0,4.0,12.0,0.0,6.0,174.0068,94.9128,94.9128
1.0,0.0,1.0,1.0,0.0,1.0,4.0,0.0,4.0,12.0,0.0,6.0,174.0068,94.9128,94.9128
1.0,0.0,1.0,1.0,0.0,1.0,273.0,0.0,252.0,8.0,0.0,6.0,56.3558,18.7853,25.047
1.0,1.0,1.0,14.0,13.0,13.0,0.0,0.0,0.0,7.0,4.0,4.0,31.1411,6.094,18.7853
1.0,0.0,1.0,14.0,0.0,13.0,0.0,0.0,0.0,13.0,6.0,6.0,24.5439,12.1881,12.1881
1.0,1.0,1.0,0.0,0.0,0.0,0.0,0.0,0.0,6.0,0.0,3.0,68.9201,6.7364,35.2381
24.0,20.0,20.0,3.0,2.0,2.0,953.0,344.0,344.0,5.0,1.0,2.0,47.3176,5.2575,31.5451
24.0,20.0,20.0,3.0,2.0,2.0,953.0,344.0,344.0,5.0,1.0,2.0,47.3176,5.2575,31.5451
23.0,2.0,20.0,5.0,3.0,3.0,783.0,90.0,344.0,3.0,1.0,1.0,26.2294,15.7144,15.7144
22.0,0.0,20.0,5.0,0.0,3.0,716.0,98.0,344.0,3.0,0.0,1.0,36.686299999999996,15.7144,15.7144
2.0,0.0,2.0,3.0,0.0,3.0,387.0,15.0,184.0,4.0,2.0,2.0,31.4288,0.0,15.7144
3.0,1.0,1.0,1.0,1.0,1.0,232.0,213.0,213.0,2.0,2.0,2.0,50.1709,13.9827,20.974
2.0,0.0,1.0,1.0,0.0,1.0,661.0,161.0,273.0,2.0,0.0,2.0,48.9394,20.974,20.974
2.0,0.0,1.0,1.0,0.0,1.0,661.0,161.0,273.0,2.0,0.0,2.0,48.9394,20.974,20.974
1.0,0.0,1.0,1.0,0.0,1.0,815.0,168.0,273.0,6.0,4.0,4.0,79.9161,30.9767,30.9767
26.0,16.0,16.0,0.0,0.0,0.0,5.0,0.0,5.0,3.0,0.0,1.0,11.8986,1.9153,4.5579
10.0,0.0,9.0,0.0,0.0,0.0,126.0,0.0,126.0,9.0,2.0,4.0,25.1012,20.081,20.081
0.0,0.0,0.0,0.0,0.0,0.0,0.0,0.0,0.0,5.0,0.0,3.0,19.8371,0.0,14.6909
1.0,0.0,1.0,0.0,0.0,0.0,0.0,0.0,,4.0,4.0,4.0,0.0,0.0,0.0
0.0,0.0,0.0,0.0,0.0,0.0,0.0,0.0,,7.0,2.0,4.0,18.921300000000002,11.3528,11.3528
